id,first_name,last_name,email,city,country,created_at
1,Brandon,Cooper,ufloyd@example.net,Lima,Peru,2025-04-13 17:09:31.094355+00:00
2,Edward,Bennett,oallen@example.com,Miami,United States,2026-03-02 00:21:22.949524+00:00
3,Drew,Ford,harttammy@example.net,Córdoba,Argentina,2025-07-05 17:55:01.513313+00:00
4,Paul,Scott,deborah75@example.org,Santiago,Chile,2025-07-09 20:51:36.425455+00:00
5,Maria,Williams,mnunez@example.org,Tijuana,Mexico,2026-03-13 18:14:58.345507+00:00
6,Jacob,Gill,timothybooth@example.com,Valencia,Spain,2025-01-21 01:42:06.966407+00:00
7,Regina,Lewis,suzannewilson@example.com,Cusco,Peru,2026-04-12 13:54:03.179690+00:00
8,Heather,Padilla,jherman@example.com,Barranquilla,Colombia,2026-01-01 02:17:31.681243+00:00
9,Oscar,Ferguson,kyle58@example.com,Houston,United States,2025-05-20 00:06:52.628429+00:00
10,Leah,Bowen,robin55@example.com,Puebla,Mexico,2024-07-16 23:48:58.646122+00:00
11,Michelle,Figueroa,greensarah@example.net,Tijuana,Mexico,2025-11-21 13:15:31.272801+00:00
12,Kenneth,Gonzalez,noahwhitaker@example.com,Sevilla,Spain,2025-07-20 19:57:20.058026+00:00
13,Sherry,Morgan,plevy@example.net,Santiago,Chile,2025-06-06 23:14:28.564536+00:00
14,Gary,Norton,donaldpayne@example.org,Rosario,Argentina,2026-04-14 08:59:41.958292+00:00
15,Amber,May,warrenmary@example.org,La Plata,Argentina,2026-05-05 00:56:21.391011+00:00
16,Elizabeth,Duran,otaylor@example.org,Concepción,Chile,2024-08-02 05:56:10.783198+00:00
17,Edward,Robinson,nbrooks@example.net,Trujillo,Peru,2025-10-13 15:34:43.954532+00:00
18,Christina,Webb,ismith@example.net,Monterrey,Mexico,2025-04-10 01:44:39.420902+00:00
19,Alvin,Bowen,andre62@example.org,Concepción,Chile,2026-04-15 05:08:48.039396+00:00
20,Alice,Allen,lisa46@example.org,Monterrey,Mexico,2025-03-13 02:30:58.667491+00:00
21,Richard,Cunningham,kevinclayton@example.org,Tijuana,Mexico,2025-10-04 03:20:09.031796+00:00
22,Michele,Malone,sullivannicholas@example.com,São Paulo,Brazil,2024-07-24 14:08:06.639498+00:00
23,Albert,Jackson,pbruce@example.com,Sevilla,Spain,2025-07-31 22:40:54.444202+00:00
24,Michaela,Davis,hallrachel@example.net,Arequipa,Peru,2026-03-23 22:31:51.905501+00:00
25,Thomas,Williams,cohenjuan@example.net,Salvador,Brazil,2025-07-30 05:32:22.026316+00:00
26,Antonio,Mcfarland,alexis39@example.org,Vancouver,Canada,2025-12-15 02:31:09.419555+00:00
27,Jennifer,Sanders,evansanne@example.net,Guayaquil,Ecuador,2026-02-13 07:02:52.754135+00:00
28,Paul,Mosley,patrick21@example.net,Bogotá,Colombia,2025-12-10 03:20:29.805976+00:00
29,Michael,Davis,marypeterson@example.net,Valparaíso,Chile,2026-05-12 02:28:26.697639+00:00
30,Randy,Ayala,walterskristen@example.com,Guadalajara,Mexico,2025-06-06 23:22:45.490352+00:00
31,Michael,Pugh,llopez@example.net,Trujillo,Peru,2025-03-18 05:36:26.563764+00:00
32,Kelsey,Phillips,jennifermiller@example.org,Cuenca,Ecuador,2025-03-18 04:19:56.923473+00:00
33,Kristen,Moore,gstewart@example.org,Cali,Colombia,2024-06-17 09:26:06.521585+00:00
34,Kyle,Ward,curtis12@example.com,Los Angeles,United States,2025-05-07 11:16:00.842070+00:00
35,Angela,Russell,davisangela@example.net,Puebla,Mexico,2025-08-24 10:58:18.486862+00:00
36,Mark,Cruz,robert18@example.org,Monterrey,Mexico,2025-08-05 09:41:26.631219+00:00
37,Gavin,James,josephadams@example.org,Rio de Janeiro,Brazil,2024-07-29 19:31:27.517524+00:00
38,Ryan,Fisher,xpatton@example.com,Maracaibo,Venezuela,2026-05-04 08:00:25.417108+00:00
39,Jennifer,Simpson,stephentaylor@example.org,Arequipa,Peru,2026-05-07 16:40:21.026783+00:00
40,Martin,Oliver,scott69@example.org,Cali,Colombia,2025-01-19 01:26:31.927408+00:00
41,Carrie,Dominguez,zedwards@example.com,Cali,Colombia,2025-01-12 11:53:02.754200+00:00
42,Heather,Henry,markramirez@example.com,Cartagena,Colombia,2025-03-07 05:37:55.898959+00:00
43,Sarah,Gonzalez,erinpierce@example.net,Ciudad de México,Mexico,2025-05-16 19:17:39.235358+00:00
44,Jeanette,Gonzales,marie16@example.net,La Plata,Argentina,2025-06-13 07:53:57.497650+00:00
45,Cynthia,Allen,jennifermccormick@example.org,Santiago,Chile,2025-05-07 15:10:37.911465+00:00
46,Carla,Aguilar,ystephens@example.com,Córdoba,Argentina,2025-11-08 03:04:13.930323+00:00
47,Lisa,Wheeler,rodriguezjohn@example.net,Mendoza,Argentina,2025-02-27 22:11:57.186015+00:00
48,Deborah,Williams,vrasmussen@example.com,Mendoza,Argentina,2024-08-29 23:43:26.491343+00:00
49,Corey,Walker,seanmyers@example.net,Guadalajara,Mexico,2025-08-17 13:13:53.741578+00:00
50,Vincent,Cooper,webbkenneth@example.org,Guadalajara,Mexico,2024-09-06 09:13:36.911332+00:00
51,Shelia,Thomas,matthew38@example.com,Tijuana,Mexico,2025-02-23 00:35:19.019305+00:00
52,Connor,Bowen,tflores@example.org,Houston,United States,2026-01-26 10:08:45.444512+00:00
53,Darin,Sweeney,byrdfrank@example.net,Guadalajara,Mexico,2024-12-08 18:31:10.922647+00:00
54,Greg,Moore,omullen@example.com,Salvador,Brazil,2025-09-16 15:00:38.252261+00:00
55,Jacob,Sandoval,njohnson@example.org,Guadalajara,Mexico,2025-05-08 00:05:17.892258+00:00
56,Russell,Smith,jamiegoodwin@example.org,Ciudad de México,Mexico,2025-08-09 08:08:28.849216+00:00
57,Lauren,Herrera,mark71@example.com,Monterrey,Mexico,2025-10-16 12:46:13.810602+00:00
58,Tracy,Church,candice96@example.net,Guadalajara,Mexico,2024-09-05 01:01:00.762011+00:00
59,Michael,Ellis,lisamccarthy@example.com,Valparaíso,Chile,2026-04-15 16:15:25.277354+00:00
60,Brittany,Powers,david41@example.org,Buenos Aires,Argentina,2025-03-13 06:58:40.257236+00:00
61,Donald,Price,baileyhenderson@example.com,Puebla,Mexico,2025-09-20 19:39:53.092022+00:00
62,Heather,Brewer,angelaburns@example.org,La Serena,Chile,2024-10-28 06:28:38.987697+00:00
63,Megan,Harvey,stephanie72@example.org,Barranquilla,Colombia,2026-01-30 02:19:46.444411+00:00
64,Tamara,Wagner,fortiz@example.com,Bogotá,Colombia,2025-11-14 08:13:48.764617+00:00
65,Scott,Jackson,flynnjeffrey@example.org,Rosario,Argentina,2024-12-31 08:56:39.961575+00:00
66,Amanda,Jackson,xcunningham@example.com,Heredia,Costa Rica,2025-07-20 03:53:26.155509+00:00
67,Daniel,Wilson,amber07@example.net,Rio de Janeiro,Brazil,2024-11-20 05:43:38.296084+00:00
68,Ronald,Fitzgerald,kennethkidd@example.com,Ciudad de México,Mexico,2024-12-22 13:54:19.327879+00:00
69,Michelle,Miller,rowejoel@example.net,Valparaíso,Chile,2025-08-17 01:33:16.409977+00:00
70,Michael,Page,imartin@example.org,Monterrey,Mexico,2026-01-28 20:46:12.387110+00:00
71,Linda,Hudson,candice25@example.net,Ciudad de México,Mexico,2025-01-13 08:41:09.813658+00:00
72,Ashley,Farley,taylorkaren@example.com,Cartagena,Colombia,2026-04-15 17:46:01.368548+00:00
73,Victoria,Camacho,jacquelineanderson@example.org,Ciudad de México,Mexico,2025-11-15 06:11:16.873155+00:00
74,Maria,Juarez,kburns@example.net,Valencia,Spain,2024-12-26 21:22:30.454193+00:00
75,Robert,Hayes,powellkara@example.net,Maracaibo,Venezuela,2026-04-28 13:45:01.119118+00:00
76,Miguel,Clements,brandi17@example.net,Brasília,Brazil,2025-10-11 17:48:20.440043+00:00
77,Michael,Brown,brobinson@example.org,Medellín,Colombia,2025-06-09 23:27:35.990525+00:00
78,Marcus,Campbell,ashleewashington@example.com,Puebla,Mexico,2026-03-28 18:14:42.973786+00:00
79,Kathryn,Williams,ksmith@example.com,Medellín,Colombia,2025-05-13 01:48:42.592029+00:00
80,Victoria,Patterson,nicoleturner@example.com,Puebla,Mexico,2024-08-20 18:44:48.499840+00:00
81,Michael,Miller,brettgarrett@example.net,Guadalajara,Mexico,2025-11-06 12:37:31.417358+00:00
82,Jim,Rios,smiththomas@example.org,Rio de Janeiro,Brazil,2025-08-21 06:27:32.300853+00:00
83,April,Wallace,dominguezlisa@example.com,Ciudad de México,Mexico,2025-11-02 13:46:24.156452+00:00
84,Tim,Perez,crosscurtis@example.com,Valparaíso,Chile,2025-03-09 02:16:12.406270+00:00
85,Kevin,Reyes,darlenebyrd@example.org,Ciudad de México,Mexico,2025-07-06 02:58:17.257597+00:00
86,Alan,Santos,nbell@example.net,Cali,Colombia,2025-12-12 04:38:42.252988+00:00
87,Samantha,Jensen,fheath@example.org,São Paulo,Brazil,2024-09-23 20:59:53.490476+00:00
88,David,Blair,sylvia52@example.org,Santiago,Chile,2025-01-01 22:01:08.461494+00:00
89,Christopher,Tran,kimberly04@example.org,Lima,Peru,2025-06-26 19:17:03.080255+00:00
90,William,Adkins,debbie37@example.com,Ciudad de México,Mexico,2024-09-03 22:55:21.992923+00:00
91,Victor,Wheeler,hatfieldsarah@example.org,Barranquilla,Colombia,2025-03-23 04:13:02.985757+00:00
92,Mary,Fisher,kathrynbest@example.org,Monterrey,Mexico,2024-06-25 18:56:44.091362+00:00
93,Carlos,Baker,livingstonstacy@example.com,Córdoba,Argentina,2025-06-18 16:00:32.187809+00:00
94,Courtney,Mason,zhenderson@example.org,Ciudad de México,Mexico,2025-09-24 11:56:50.210858+00:00
95,Amanda,Hernandez,collinswilliam@example.org,Ciudad de México,Mexico,2026-05-26 07:32:58.502687+00:00
96,Eric,Murphy,collinssamuel@example.org,Cusco,Peru,2024-07-25 21:32:03.176737+00:00
97,Christopher,Hamilton,dsalazar@example.com,Valparaíso,Chile,2025-10-13 03:44:32.850109+00:00
98,Diane,Thompson,zimmermanjacqueline@example.org,Bogotá,Colombia,2025-06-11 05:13:41.717210+00:00
99,Michael,Holmes,gary24@example.net,La Plata,Argentina,2026-03-23 02:33:11.119279+00:00
100,Kelsey,Johnson,enelson@example.com,Ciudad de México,Mexico,2025-11-15 22:27:51.380251+00:00
101,Barbara,Jones,ddixon@example.com,Sevilla,Spain,2026-03-03 08:14:17.582572+00:00
102,Garrett,Moore,shannonemily@example.org,Guadalajara,Mexico,2024-11-27 10:37:54.165359+00:00
103,William,Williams,sanchezthomas@example.com,Rio de Janeiro,Brazil,2026-04-16 19:19:30.297923+00:00
104,Harold,Horne,tranrobin@example.net,Barranquilla,Colombia,2025-10-05 13:49:49.512779+00:00
105,Jeffrey,Wright,joseph19@example.com,Ciudad de México,Mexico,2024-09-08 19:38:05.231805+00:00
106,Emily,Williams,lindajarvis@example.com,Córdoba,Argentina,2024-08-02 22:44:24.800430+00:00
107,Steven,Campbell,mark87@example.org,Trujillo,Peru,2025-03-10 02:04:19.644132+00:00
108,Kelly,Mueller,stevenvargas@example.com,Ciudad de México,Mexico,2026-06-12 11:04:47.224283+00:00
109,Kimberly,Oconnor,edwardrandolph@example.org,Ciudad de México,Mexico,2024-11-30 19:09:34.456928+00:00
110,Michael,Franco,tapiaaaron@example.net,Cuenca,Ecuador,2025-03-15 11:01:28.977050+00:00
111,Joann,Parker,alyssaallen@example.com,Arequipa,Peru,2026-05-16 17:23:24.427157+00:00
112,Teresa,Thomas,christopher38@example.com,Valencia,Venezuela,2025-11-07 13:15:59.811554+00:00
113,Nathan,Villegas,carpenterwilliam@example.net,Ciudad de México,Mexico,2026-02-02 13:33:03.018605+00:00
114,Charles,Bradley,ibates@example.org,Cuenca,Ecuador,2025-01-12 15:52:44.577387+00:00
115,Melissa,Howe,vhaynes@example.com,Monterrey,Mexico,2025-01-31 22:23:24.959285+00:00
116,Joseph,Jones,derekcarrillo@example.org,Ciudad de México,Mexico,2024-10-05 02:56:17.479362+00:00
117,Frank,Owens,wmartinez@example.org,Guadalajara,Mexico,2025-05-09 17:08:53.780373+00:00
118,Steven,Phelps,mooregina@example.net,New York,United States,2025-11-04 15:41:07.082450+00:00
119,Billy,Huff,eddie35@example.com,Cali,Colombia,2025-06-23 16:05:00.845145+00:00
120,Erica,Green,anthonysullivan@example.com,Bogotá,Colombia,2025-07-24 17:04:10.162779+00:00
121,Andrea,Davis,laradonald@example.org,Ciudad de México,Mexico,2024-07-28 15:30:34.348813+00:00
122,Kimberly,Walker,madisonwatson@example.net,Guadalajara,Mexico,2026-04-29 11:28:05.075315+00:00
123,Christopher,Willis,johnsoncaleb@example.net,Arequipa,Peru,2025-05-03 12:22:48.440846+00:00
124,David,Stein,david70@example.org,Puebla,Mexico,2026-04-19 15:47:19.783798+00:00
125,Ryan,Ramsey,rjohnson@example.com,Heredia,Costa Rica,2024-10-17 19:55:41.125281+00:00
126,Jason,Lopez,sean20@example.net,Miami,United States,2025-09-08 21:27:39.778642+00:00
127,John,Phillips,eandrade@example.org,Cali,Colombia,2024-08-16 16:14:49.656559+00:00
128,Patrick,Barnes,crystalpham@example.org,Puebla,Mexico,2026-06-06 08:06:15.400064+00:00
129,Kimberly,Howard,kcooper@example.net,Barranquilla,Colombia,2025-02-03 12:34:09.472680+00:00
130,Joseph,Johnson,anthonycochran@example.com,Puebla,Mexico,2024-07-26 09:32:53.971604+00:00
131,Victoria,Moreno,terrigarcia@example.net,Trujillo,Peru,2024-12-06 18:07:48.184724+00:00
132,Amanda,Moody,gallagherstacie@example.net,Barcelona,Spain,2026-02-21 22:52:33.324929+00:00
133,Laura,Kelly,gregorywatkins@example.net,Ciudad de México,Mexico,2025-11-05 04:48:32.588198+00:00
134,Robin,Johnson,stacey92@example.net,Montevideo,Uruguay,2026-05-07 08:41:47.152009+00:00
135,Mary,Cochran,lweaver@example.com,Tijuana,Mexico,2024-07-11 07:55:01.517248+00:00
136,Brian,Guzman,foxaaron@example.net,La Plata,Argentina,2024-11-07 18:19:54.717693+00:00
137,David,Love,brian29@example.net,Arequipa,Peru,2026-04-14 14:41:18.549773+00:00
138,Kim,Mathis,susan56@example.net,Concepción,Chile,2024-08-26 09:36:09.043798+00:00
139,Kevin,Taylor,jessicakim@example.net,Valparaíso,Chile,2026-05-16 08:13:18.573084+00:00
140,Debra,Thompson,jeffrey92@example.com,Mendoza,Argentina,2025-01-23 17:25:57.291246+00:00
141,Haley,Anderson,rushstacy@example.com,Puebla,Mexico,2026-02-25 01:25:03.923099+00:00
142,Kelli,Bradley,carriemccall@example.net,Bogotá,Colombia,2024-11-21 22:59:04.203389+00:00
143,Ariana,Zuniga,markmiller@example.com,Monterrey,Mexico,2026-06-01 04:57:48.845448+00:00
144,Gary,Mcclure,underwoodelizabeth@example.net,Tijuana,Mexico,2026-03-23 06:44:19.806401+00:00
145,Sean,Baker,heatherbell@example.org,Rio de Janeiro,Brazil,2025-11-21 20:18:00.814466+00:00
146,Brandon,Kim,acosta@example.com,Salto,Uruguay,2026-03-19 17:08:05.755212+00:00
147,Michael,Bennett,kkramer@example.net,Miami,United States,2025-12-19 11:31:00.655593+00:00
148,Jeremiah,Hayes,phillipslucas@example.org,Medellín,Colombia,2024-08-06 19:12:02.979289+00:00
149,George,Bennett,paynerachael@example.org,Mendoza,Argentina,2025-02-15 11:08:32.736316+00:00
150,Tricia,Barry,reynoldsdesiree@example.net,Tijuana,Mexico,2026-03-25 13:04:56.118554+00:00
151,Eric,Garcia,terriortiz@example.net,Miami,United States,2025-11-23 00:46:49.696070+00:00
152,Jessica,Baker,kenneth10@example.com,Guadalajara,Mexico,2025-08-05 06:20:55.758675+00:00
153,Mary,Hernandez,adam14@example.net,Mendoza,Argentina,2025-09-13 05:08:58.404385+00:00
154,Timothy,Davis,georgecarter@example.org,Los Angeles,United States,2025-05-25 12:46:06.030877+00:00
155,Darrell,Glover,qburns@example.com,Puebla,Mexico,2024-08-19 04:07:22.769462+00:00
156,Amy,Lopez,cwood@example.org,Monterrey,Mexico,2024-12-22 22:20:00.620953+00:00
157,Steven,Perez,anne21@example.org,Montevideo,Uruguay,2025-10-14 15:53:07.270834+00:00
158,Lindsey,Gutierrez,angelarandall@example.net,La Plata,Argentina,2025-04-15 09:36:41.739677+00:00
159,Amanda,Camacho,parmstrong@example.com,La Serena,Chile,2025-01-17 21:41:12.213967+00:00
160,Ralph,Nash,shawrachel@example.net,Madrid,Spain,2025-10-21 12:34:17.029826+00:00
161,Christine,Martinez,kthompson@example.org,Cartagena,Colombia,2026-01-25 03:54:01.098089+00:00
162,David,Henderson,oharris@example.org,Barranquilla,Colombia,2026-02-12 21:32:17.393031+00:00
163,Jonathan,Bartlett,millerangela@example.net,Bogotá,Colombia,2025-02-06 19:51:12.999152+00:00
164,Joshua,Ellis,buchanancindy@example.net,Salto,Uruguay,2026-01-05 14:29:34.073621+00:00
165,Daniel,Hernandez,buckleyanna@example.org,Lima,Peru,2026-01-08 13:40:12.837672+00:00
166,Mikayla,Beard,pbaker@example.com,Bogotá,Colombia,2025-08-05 10:47:30.728376+00:00
167,Thomas,Jackson,mthomas@example.net,Buenos Aires,Argentina,2025-11-02 07:17:28.079246+00:00
168,Benjamin,Preston,hannah07@example.com,Valencia,Spain,2026-03-30 20:40:41.758139+00:00
169,Andrew,Roth,larry71@example.org,Los Angeles,United States,2024-09-19 18:20:14.814847+00:00
170,Terri,Ramos,joseph69@example.net,Trujillo,Peru,2024-08-17 19:41:21.126562+00:00
171,Scott,Mcintyre,wfigueroa@example.net,Heredia,Costa Rica,2026-03-09 01:29:44.811531+00:00
172,Lori,Robertson,cameronmckinney@example.com,Barcelona,Spain,2024-09-20 16:30:09.180565+00:00
173,Melissa,Suarez,thompsonnancy@example.org,New York,United States,2026-02-14 23:49:42.106909+00:00
174,John,Bryant,janet45@example.com,La Plata,Argentina,2025-06-17 13:59:17.321058+00:00
175,Cynthia,Martinez,allentracy@example.com,Concepción,Chile,2024-10-21 07:40:01.509267+00:00
176,Monica,Matthews,max41@example.com,Lima,Peru,2024-07-03 15:36:13.725549+00:00
177,Brandon,Nash,mercedesholland@example.net,Guadalajara,Mexico,2024-11-11 14:39:48.306301+00:00
178,Denise,Palmer,wellsdavid@example.org,Monterrey,Mexico,2025-08-26 17:17:13.660562+00:00
179,Alan,King,jennifer46@example.com,Valencia,Spain,2026-02-25 15:57:18.091070+00:00
180,Stephen,Robinson,erica96@example.net,Rosario,Argentina,2024-08-27 08:02:30.045970+00:00
181,William,Bates,anna99@example.com,Lima,Peru,2025-01-17 15:05:30.014261+00:00
182,Daniel,Brown,danielle44@example.net,Houston,United States,2025-11-15 00:54:35.093925+00:00
183,Patricia,Evans,zacharyallen@example.org,Puebla,Mexico,2026-01-22 22:45:50.558746+00:00
184,Leah,Greene,erin07@example.com,Tijuana,Mexico,2024-12-20 02:29:30.798872+00:00
185,Robert,Price,aguilarwanda@example.org,Ciudad de México,Mexico,2025-02-19 06:35:41.978497+00:00
186,Jennifer,Parks,qknox@example.com,Maracaibo,Venezuela,2025-06-19 04:21:19.934525+00:00
187,Megan,Pittman,kellyruiz@example.net,Guadalajara,Mexico,2024-12-19 12:54:54.328080+00:00
188,Lindsey,Hines,staceylam@example.net,Lima,Peru,2024-08-17 19:54:59.816629+00:00
189,Michael,Garner,robert55@example.com,São Paulo,Brazil,2025-08-15 08:17:57.675961+00:00
190,Steven,Wilson,delacruzbrandy@example.net,Cuenca,Ecuador,2024-08-04 14:52:30.448611+00:00
191,Pamela,Mason,amoreno@example.org,La Serena,Chile,2026-03-11 17:39:51.214574+00:00
192,Edward,Gay,robert97@example.org,Cartagena,Colombia,2025-01-30 17:02:16.495575+00:00
193,Jennifer,Maxwell,lcook@example.com,San José,Costa Rica,2025-09-20 02:05:10.923646+00:00
194,Adam,Hill,barbaramoore@example.org,San José,Costa Rica,2024-09-16 03:02:17.279619+00:00
195,Ryan,Jordan,ysanford@example.org,Buenos Aires,Argentina,2024-07-11 03:44:13.831259+00:00
196,James,Watson,mcclainkatherine@example.net,Mendoza,Argentina,2024-10-30 19:27:15.846676+00:00
197,Erica,Sims,jeremywiley@example.com,Sevilla,Spain,2024-09-15 18:42:28.462769+00:00
198,Patrick,Chapman,cameronwilliams@example.com,Quito,Ecuador,2025-05-12 15:26:10.524487+00:00
199,Abigail,Warren,ibarron@example.com,Arequipa,Peru,2026-06-11 06:11:03.500072+00:00
200,Tracy,Christensen,stacyhull@example.com,Rio de Janeiro,Brazil,2024-06-27 13:38:26.308486+00:00
201,Jeffrey,Mercer,jessicalawrence@example.org,Tijuana,Mexico,2024-09-11 13:34:18.286704+00:00
202,Jennifer,Conner,qmcdowell@example.net,Concepción,Chile,2025-09-11 18:51:17.320100+00:00
203,Brittney,Williams,valdezandrew@example.net,Mendoza,Argentina,2024-09-06 04:19:35.962550+00:00
204,Sean,Martinez,thomas23@example.net,Cartagena,Colombia,2025-10-27 12:25:12.091017+00:00
205,Albert,Fisher,batesjoseph@example.net,Quito,Ecuador,2025-11-07 11:09:10.630771+00:00
206,Robert,Roach,campbellkristen@example.com,Monterrey,Mexico,2024-11-05 16:55:58.521493+00:00
207,James,Baker,michaelortiz@example.org,Punta del Este,Uruguay,2024-07-12 09:11:49.025056+00:00
208,Tyler,Clark,arivera@example.org,Barcelona,Spain,2025-10-17 05:06:16.900115+00:00
209,Rebecca,Conley,fhernandez@example.net,Cartagena,Colombia,2024-08-07 10:03:51.329440+00:00
210,Jennifer,Conway,stephenmadden@example.com,Tijuana,Mexico,2025-05-18 17:50:33.986158+00:00
211,Cory,Thompson,phelpsmichael@example.net,Los Angeles,United States,2025-01-28 00:35:09.239496+00:00
212,Joanna,Davis,smithdevon@example.net,Tijuana,Mexico,2024-10-16 03:41:39.779474+00:00
213,Michael,Kim,natalie15@example.com,Cusco,Peru,2024-10-25 04:20:02.037990+00:00
214,Richard,Rivers,mary76@example.net,Quito,Ecuador,2026-03-22 21:27:13.110599+00:00
215,Garrett,Anderson,jarvismegan@example.org,Salto,Uruguay,2025-04-13 11:57:11.644808+00:00
216,Brittany,Pham,ywhite@example.com,Montevideo,Uruguay,2025-09-03 04:23:50.476902+00:00
217,Michelle,Hobbs,timothyfreeman@example.com,Rosario,Argentina,2025-05-01 12:17:00.191688+00:00
218,Bryan,Pena,busherica@example.net,Cusco,Peru,2025-08-08 19:53:19.028023+00:00
219,Annette,Levine,april91@example.com,La Plata,Argentina,2025-10-09 23:11:39.486657+00:00
220,John,Reed,jhernandez@example.net,La Serena,Chile,2024-07-23 10:58:54.985571+00:00
221,Dawn,Moore,kchristian@example.org,Cusco,Peru,2025-12-14 12:03:54.331078+00:00
222,Malik,Rivera,brent38@example.net,Houston,United States,2025-03-17 04:26:51.093589+00:00
223,Lisa,Miller,csolis@example.org,Madrid,Spain,2026-03-01 07:39:58.015661+00:00
224,Sergio,Wilson,bmcgee@example.org,Guadalajara,Mexico,2025-04-04 07:15:55.620229+00:00
225,Barry,Dunn,connersylvia@example.net,Ciudad de México,Mexico,2025-01-22 02:25:12.700032+00:00
226,William,Clark,xclements@example.org,Guadalajara,Mexico,2026-01-31 02:23:45.205817+00:00
227,Megan,Rivera,xmoran@example.net,Salto,Uruguay,2025-05-10 03:56:12.501871+00:00
228,Connor,Hopkins,petersonmaria@example.com,Ciudad de México,Mexico,2025-07-18 16:12:12.192416+00:00
229,Nathaniel,Rodriguez,travisunderwood@example.net,Cusco,Peru,2025-11-22 16:22:57.767112+00:00
230,Daniel,Carr,davidphelps@example.org,Tijuana,Mexico,2025-05-13 11:03:58.447111+00:00
231,Kimberly,Love,shermanbrandon@example.net,Puebla,Mexico,2026-02-15 08:24:39.930547+00:00
232,Brianna,Barton,lellis@example.net,Tijuana,Mexico,2024-09-19 22:43:44.326959+00:00
233,Victor,Moreno,tranryan@example.net,Houston,United States,2025-06-01 08:53:10.958530+00:00
234,William,Morse,heatherthompson@example.org,Monterrey,Mexico,2024-08-28 05:48:48.025861+00:00
235,Diane,Obrien,william66@example.net,Lima,Peru,2026-04-13 15:39:13.393863+00:00
236,Kathryn,Hill,tara72@example.org,Guayaquil,Ecuador,2025-04-11 02:24:37.841171+00:00
237,Holly,Goodman,megan85@example.net,Cali,Colombia,2025-12-03 19:54:21.134511+00:00
238,Angela,Robinson,claudiaroberts@example.com,San José,Costa Rica,2026-04-17 12:14:48.630169+00:00
239,David,Page,williambenson@example.com,Monterrey,Mexico,2025-11-14 11:55:04.954507+00:00
240,Kathleen,Hart,icraig@example.com,Puebla,Mexico,2026-03-16 13:51:52.898932+00:00
241,Robert,Smith,johnsondustin@example.net,Valencia,Spain,2024-07-24 22:43:21.837569+00:00
242,Joseph,Floyd,frances20@example.net,Rio de Janeiro,Brazil,2026-01-07 13:19:56.862684+00:00
243,James,Weaver,lisa19@example.net,Rio de Janeiro,Brazil,2025-12-05 18:46:55.941600+00:00
244,Michelle,Newton,yyoung@example.net,Guadalajara,Mexico,2025-01-09 17:05:52.167359+00:00
245,Elizabeth,House,ybutler@example.net,Montevideo,Uruguay,2025-01-27 23:39:16.268882+00:00
246,Andrea,Smith,james73@example.net,Guadalajara,Mexico,2025-11-10 07:34:25.009951+00:00
247,Deborah,Fischer,kimberlybrandt@example.com,São Paulo,Brazil,2025-05-07 10:45:46.038263+00:00
248,Tonya,Jones,jillwilson@example.org,Barranquilla,Colombia,2025-04-22 14:44:53.945962+00:00
249,Angela,Anderson,adam72@example.org,Monterrey,Mexico,2024-10-03 21:00:32.195227+00:00
250,Marcus,Williams,tracy98@example.com,Tijuana,Mexico,2024-08-05 20:03:58.044805+00:00
251,Jasmine,Fox,abigailhartman@example.org,Miami,United States,2025-04-13 10:15:42.907630+00:00
252,Amanda,Davis,nicolealvarado@example.com,Guadalajara,Mexico,2025-03-04 03:41:21.404512+00:00
253,Jeffery,Goodwin,wbarajas@example.net,Monterrey,Mexico,2024-06-20 00:41:49.839613+00:00
254,Elizabeth,Griffin,susanfleming@example.com,Concepción,Chile,2025-03-19 04:23:47.392470+00:00
255,Laura,Wilson,amber40@example.net,La Plata,Argentina,2026-02-04 03:10:35.406855+00:00
256,Nicholas,Lang,stucker@example.net,Buenos Aires,Argentina,2024-11-01 05:23:23.205505+00:00
257,Willie,Vaughan,teresaayala@example.net,Valencia,Spain,2024-06-18 22:52:16.747941+00:00
258,Cameron,Santiago,michellecoleman@example.org,Córdoba,Argentina,2024-11-10 18:28:38.307599+00:00
259,Maria,Johns,elucas@example.net,La Plata,Argentina,2025-10-27 17:44:27.708312+00:00
260,Andrew,Love,millerbrian@example.com,Tijuana,Mexico,2025-07-26 06:25:09.865968+00:00
261,Bailey,Perez,rickey76@example.com,Buenos Aires,Argentina,2025-01-30 17:24:08.515532+00:00
262,Perry,Wilson,maychristine@example.net,Guadalajara,Mexico,2025-08-15 08:57:12.951230+00:00
263,Jaclyn,Jones,robertsgina@example.net,Cusco,Peru,2024-08-15 18:55:22.871068+00:00
264,Kathy,Kim,bshort@example.com,Medellín,Colombia,2024-10-05 18:56:35.208703+00:00
265,Jeffrey,Francis,susan24@example.net,Alajuela,Costa Rica,2026-03-23 12:25:46.676368+00:00
266,Tammy,Camacho,susan08@example.net,La Plata,Argentina,2024-09-24 20:51:13.547495+00:00
267,Bobby,Armstrong,fmedina@example.com,Madrid,Spain,2024-11-14 00:54:05.235107+00:00
268,Judith,Swanson,robertbrewer@example.net,Monterrey,Mexico,2024-09-25 15:48:35.045203+00:00
269,Jack,Jensen,james29@example.org,Cartagena,Colombia,2026-02-25 12:28:33.180444+00:00
270,Sarah,Gamble,enewman@example.com,Quito,Ecuador,2025-10-17 06:01:06.162848+00:00
271,John,Gonzalez,wlynn@example.org,Alajuela,Costa Rica,2025-10-16 23:11:11.894583+00:00
272,Jimmy,Mitchell,mcculloughlouis@example.com,Houston,United States,2025-02-08 10:45:39.014021+00:00
273,Donna,Steele,arianadiaz@example.com,Quito,Ecuador,2026-05-14 21:06:11.026748+00:00
274,Gary,Edwards,jenniferdavidson@example.com,Cartagena,Colombia,2026-02-17 06:45:40.671771+00:00
275,Dennis,Quinn,wford@example.com,São Paulo,Brazil,2025-06-04 07:42:12.710219+00:00
276,Daniel,Brewer,wilkinsonmichele@example.org,Guayaquil,Ecuador,2026-03-26 16:08:48.710335+00:00
277,James,Gross,lunapatricia@example.net,La Plata,Argentina,2025-09-17 23:43:39.072639+00:00
278,Lisa,Riley,rebeccaarnold@example.net,Bogotá,Colombia,2026-03-28 15:17:14.248366+00:00
279,Amber,Valdez,michaelwalker@example.net,Guadalajara,Mexico,2025-12-01 04:56:08.828950+00:00
280,Kelly,Marshall,sanderswayne@example.net,Ciudad de México,Mexico,2024-12-05 02:17:54.968584+00:00
281,Tamara,Holden,katherinetaylor@example.org,Caracas,Venezuela,2024-10-22 11:02:32.548552+00:00
282,Stacy,Hopkins,jillwebb@example.com,Salto,Uruguay,2024-07-13 02:58:33.559761+00:00
283,Kathleen,Hall,mike03@example.net,Buenos Aires,Argentina,2026-04-07 16:10:23.327273+00:00
284,Michael,Harrison,ckeith@example.net,Guadalajara,Mexico,2025-02-05 07:48:50.931032+00:00
285,Jane,Boyd,mary49@example.net,Houston,United States,2025-08-04 02:07:44.777611+00:00
286,Nicholas,Gray,blacknicholas@example.org,Barcelona,Spain,2025-06-25 19:08:14.015423+00:00
287,Michael,Parrish,msparks@example.org,Mendoza,Argentina,2025-06-15 04:19:12.467959+00:00
288,Don,Martin,robertsonjuan@example.org,Santiago,Chile,2024-10-28 03:05:44.136798+00:00
289,Michael,Love,guerrerorobert@example.com,Rio de Janeiro,Brazil,2025-11-21 17:31:53.359246+00:00
290,Timothy,Mendoza,brittanyholland@example.com,Monterrey,Mexico,2024-06-29 23:52:05.400562+00:00
291,Bradley,Berry,dennishunt@example.net,Ciudad de México,Mexico,2024-09-28 21:07:24.381997+00:00
292,Gabriel,Nielsen,kgreene@example.net,Monterrey,Mexico,2024-06-27 04:47:33.097830+00:00
293,Jennifer,Stanley,stacey37@example.net,La Plata,Argentina,2026-06-08 19:13:28.151870+00:00
294,Michelle,Jackson,yburke@example.net,Valencia,Spain,2026-02-02 22:08:47.811477+00:00
295,Hunter,Keller,gary57@example.net,Barranquilla,Colombia,2025-08-19 00:24:02.537019+00:00
296,Jerry,Cruz,smithalexandra@example.net,La Serena,Chile,2025-10-26 12:21:48.952068+00:00
297,Margaret,Jacobs,thomasmendez@example.org,Puebla,Mexico,2026-03-16 18:41:35.525117+00:00
298,Amanda,Goodwin,olsondavid@example.net,Lima,Peru,2025-07-12 12:51:29.998264+00:00
299,Aaron,Pace,xboyd@example.org,Santiago,Chile,2025-11-05 05:05:38.774405+00:00
300,Roy,Mays,yclarke@example.com,São Paulo,Brazil,2025-08-17 21:15:48.891327+00:00
301,Judith,Juarez,colemanjonathan@example.org,Lima,Peru,2026-04-09 09:32:05.676148+00:00
302,Christopher,George,ascott@example.net,Cartagena,Colombia,2025-12-08 19:35:39.888563+00:00
303,Adrian,Mills,brooksjamie@example.com,Monterrey,Mexico,2025-04-08 06:01:51.330555+00:00
304,Daniel,Simmons,jose86@example.net,Concepción,Chile,2025-03-07 16:39:07.316182+00:00
305,Joshua,Becker,robertbowers@example.com,Salvador,Brazil,2024-10-22 03:34:53.333682+00:00
306,Angie,Webb,becky62@example.net,Bogotá,Colombia,2024-09-08 14:06:35.063125+00:00
307,Jerry,Logan,craigromero@example.com,La Plata,Argentina,2026-01-19 14:32:18.675891+00:00
308,Christina,Cohen,martintamara@example.org,Puebla,Mexico,2026-01-22 04:10:22.136011+00:00
309,Madeline,Ruiz,qdavis@example.org,Valencia,Spain,2025-03-11 11:39:31.344110+00:00
310,Chelsea,Ramsey,hmendez@example.com,San José,Costa Rica,2025-11-15 09:53:13.734601+00:00
311,Carla,Bautista,daniellegonzales@example.org,Monterrey,Mexico,2026-02-24 22:05:55.698840+00:00
312,Sarah,Holmes,arthurgreene@example.net,San José,Costa Rica,2025-11-05 19:14:26.641807+00:00
313,Christina,Craig,john02@example.org,La Plata,Argentina,2026-06-11 18:04:29.896058+00:00
314,Kimberly,Gomez,msullivan@example.net,Ciudad de México,Mexico,2024-06-24 19:45:13.587407+00:00
315,Jane,Calhoun,jessica89@example.com,Tijuana,Mexico,2025-02-22 10:07:18.291416+00:00
316,Lisa,Perez,shawnpowell@example.org,Cartagena,Colombia,2024-12-21 07:58:00.248216+00:00
317,Richard,Rodriguez,gordonmatthew@example.org,Maracaibo,Venezuela,2026-01-21 03:09:11.744208+00:00
318,Sue,Walter,heather69@example.com,Monterrey,Mexico,2025-12-28 01:03:01.859525+00:00
319,Katherine,Ali,lmaldonado@example.org,Tijuana,Mexico,2025-05-31 16:01:29.328377+00:00
320,Jonathan,Reyes,ericahall@example.com,Guadalajara,Mexico,2025-04-10 20:48:34.047845+00:00
321,Michael,Nichols,john16@example.net,Monterrey,Mexico,2025-12-12 13:44:57.798527+00:00
322,Matthew,Spencer,thomasgomez@example.net,Guadalajara,Mexico,2024-12-27 03:39:45.862723+00:00
323,Stacey,Vega,victorgonzalez@example.net,Lima,Peru,2024-12-07 09:58:26.261426+00:00
324,Joseph,Perez,marykelly@example.org,Houston,United States,2024-09-09 04:00:26.889569+00:00
325,Christian,Sosa,waustin@example.net,Santiago,Chile,2026-05-14 09:25:49.091422+00:00
326,Melanie,Watson,travis94@example.com,Ciudad de México,Mexico,2024-10-25 04:22:37.213224+00:00
327,Kathryn,Dixon,kwalker@example.org,Guadalajara,Mexico,2024-07-23 03:39:18.092486+00:00
328,Lauren,Mendoza,shawphillip@example.net,Salvador,Brazil,2026-01-01 09:07:52.097446+00:00
329,Stephen,Martinez,astewart@example.org,Heredia,Costa Rica,2025-10-19 00:24:23.630499+00:00
330,Nicolas,Garcia,chloe42@example.net,Guadalajara,Mexico,2024-12-22 14:29:54.188339+00:00
331,Joseph,Mullen,michael76@example.org,Tijuana,Mexico,2025-04-15 17:41:29.756541+00:00
332,Karen,Diaz,lramirez@example.net,Guadalajara,Mexico,2024-09-17 09:25:27.112921+00:00
333,Barbara,Perez,lelinda@example.net,Puebla,Mexico,2025-04-25 07:48:25.085239+00:00
334,Oscar,Thomas,thomassmith@example.com,Monterrey,Mexico,2025-06-13 13:03:52.409571+00:00
335,Wendy,Atkinson,kristen44@example.net,Arequipa,Peru,2026-03-02 17:11:59.831255+00:00
336,Brandon,Garcia,briancervantes@example.com,Rosario,Argentina,2026-02-16 10:48:16.460816+00:00
337,Cole,Garner,michael88@example.com,Sevilla,Spain,2025-02-19 23:39:26.702469+00:00
338,Robert,Bell,barbarasantos@example.net,Monterrey,Mexico,2024-10-19 02:17:10.921724+00:00
339,Kimberly,Kelly,champton@example.org,Guadalajara,Mexico,2025-03-18 23:06:32.788341+00:00
340,Justin,Welch,mirandadavidson@example.com,Trujillo,Peru,2025-04-17 17:26:22.094639+00:00
341,Cheryl,Sullivan,millermatthew@example.com,Monterrey,Mexico,2025-01-31 01:42:45.034662+00:00
342,Kelly,Adams,cnelson@example.com,Monterrey,Mexico,2025-12-11 22:06:00.602012+00:00
343,Abigail,Cole,ivanjohnson@example.net,Houston,United States,2024-12-01 23:43:35.724375+00:00
344,Johnathan,Manning,clarkrandy@example.org,Cali,Colombia,2024-07-30 04:43:58.825409+00:00
345,Natasha,Kelley,wisealexandria@example.org,Buenos Aires,Argentina,2024-08-28 12:22:41.417225+00:00
346,Christine,Miller,pparker@example.net,Tijuana,Mexico,2025-01-07 04:22:47.581038+00:00
347,Courtney,Anderson,anthonyalvarado@example.com,Monterrey,Mexico,2026-03-06 21:48:58.094665+00:00
348,Tanner,Pitts,amy28@example.org,Los Angeles,United States,2025-08-19 04:31:10.141385+00:00
349,Stephen,Curry,omills@example.net,Los Angeles,United States,2025-01-25 19:11:20.561405+00:00
350,Michael,Fernandez,ramosmichael@example.com,Ciudad de México,Mexico,2024-10-05 08:19:13.541931+00:00
351,Alex,Mills,mauriceharrison@example.org,São Paulo,Brazil,2025-10-29 00:00:29.350010+00:00
352,Travis,Campos,albert64@example.net,Miami,United States,2024-11-29 11:54:45.264840+00:00
353,Adrian,Brooks,bkhan@example.com,Sevilla,Spain,2024-12-13 03:24:50.631861+00:00
354,Jennifer,Brewer,fwalker@example.com,Rio de Janeiro,Brazil,2025-09-13 09:13:05.551206+00:00
355,Zachary,Marsh,justin84@example.com,Cuenca,Ecuador,2024-10-28 22:17:31.230543+00:00
356,Casey,Taylor,walshchristine@example.com,Tijuana,Mexico,2025-11-07 06:42:16.697319+00:00
357,Travis,Flores,brandonnichols@example.org,Córdoba,Argentina,2026-05-24 20:49:25.639815+00:00
358,Julian,Martinez,oacosta@example.org,Medellín,Colombia,2024-10-01 16:04:10.083033+00:00
359,Tristan,Peterson,kristi75@example.com,New York,United States,2025-11-04 16:40:54.160218+00:00
360,Anthony,Miller,brianrowe@example.org,Tijuana,Mexico,2025-07-15 09:20:08.961398+00:00
361,Hunter,Huang,lisa01@example.net,Mendoza,Argentina,2024-12-12 11:02:37.968927+00:00
362,Kelsey,Ramos,gonzalezjill@example.org,Bogotá,Colombia,2025-06-29 06:42:58.261840+00:00
363,Tina,Kennedy,sharon20@example.net,Arequipa,Peru,2026-04-29 08:46:08.215877+00:00
364,Abigail,King,james03@example.org,Rio de Janeiro,Brazil,2024-12-02 23:11:42.295901+00:00
365,Ryan,Smith,brenda63@example.org,Medellín,Colombia,2026-05-22 07:30:15.194427+00:00
366,Bianca,Vazquez,nathandavis@example.org,La Plata,Argentina,2025-06-13 18:41:55.847065+00:00
367,Gina,Morgan,browndeanna@example.net,Arequipa,Peru,2025-07-10 09:26:39.608737+00:00
368,Daniel,Freeman,tina57@example.net,Salvador,Brazil,2024-11-01 13:19:48.998574+00:00
369,Hannah,Howard,johnwilliams@example.net,Caracas,Venezuela,2025-04-29 04:23:43.262871+00:00
370,Kenneth,Terry,ashleystephens@example.com,Puebla,Mexico,2025-11-30 14:28:58.004012+00:00
371,Joshua,Guerra,caseymoore@example.com,Monterrey,Mexico,2026-02-02 04:00:28.806361+00:00
372,Amber,Gibson,bgross@example.net,Bogotá,Colombia,2026-03-01 11:52:30.298061+00:00
373,Kimberly,Allen,barrettamber@example.com,Cusco,Peru,2024-10-30 07:03:19.370683+00:00
374,Felicia,Cannon,chloemorris@example.net,Barranquilla,Colombia,2025-02-03 19:55:35.219487+00:00
375,Cole,Hopkins,conleydavid@example.org,Miami,United States,2024-11-08 05:06:28.118937+00:00
376,Todd,Garcia,hbarrett@example.net,Punta del Este,Uruguay,2025-11-07 21:27:21.863863+00:00
377,Jonathan,Diaz,smithsamantha@example.net,Tijuana,Mexico,2025-06-07 13:26:26.355039+00:00
378,Pamela,Miller,wardjulia@example.com,Concepción,Chile,2026-02-04 01:43:46.517655+00:00
379,Laura,Brown,allison14@example.org,Valencia,Spain,2026-05-04 14:41:24.412766+00:00
380,Susan,Davis,amandalopez@example.net,Valparaíso,Chile,2025-10-06 10:23:56.456456+00:00
381,Ashley,Meza,xreese@example.net,Barranquilla,Colombia,2025-08-08 18:23:33.348334+00:00
382,Emily,Park,kandrade@example.org,Bogotá,Colombia,2025-07-20 08:05:09.075366+00:00
383,William,Sandoval,umahoney@example.net,Mendoza,Argentina,2026-06-07 20:12:30.697413+00:00
384,Mark,Watson,umckenzie@example.net,Montevideo,Uruguay,2024-12-06 10:35:15.306561+00:00
385,Amy,Brooks,michael77@example.com,Rosario,Argentina,2024-06-13 17:47:05.753187+00:00
386,Austin,Mitchell,holmesvictoria@example.com,Valencia,Spain,2024-06-18 09:31:00.603440+00:00
387,Tracey,Lewis,andrew48@example.net,Mendoza,Argentina,2025-07-24 23:32:40.480085+00:00
388,Sara,Moore,stevenseric@example.com,Miami,United States,2025-03-08 17:52:34.890679+00:00
389,Brandi,Hall,christopher69@example.org,Córdoba,Argentina,2025-12-01 23:09:12.720606+00:00
390,Jennifer,Mcguire,tracynolan@example.net,Medellín,Colombia,2025-08-08 12:35:10.341835+00:00
391,Rebecca,Larson,benjamin96@example.org,Monterrey,Mexico,2026-01-04 11:04:41.197680+00:00
392,Sandra,Cook,hbutler@example.org,Guadalajara,Mexico,2025-12-11 18:17:55.000565+00:00
393,Melissa,Mcfarland,hbrown@example.org,Tijuana,Mexico,2025-02-01 20:27:34.519738+00:00
394,Annette,Murphy,ericnunez@example.com,Lima,Peru,2026-05-23 22:10:00.297294+00:00
395,Karen,Johnston,walkerkeith@example.com,Trujillo,Peru,2024-09-29 17:14:15.504603+00:00
396,Matthew,Alvarez,kelleyjose@example.com,Madrid,Spain,2025-06-15 04:04:38.155739+00:00
397,Kim,Anderson,timothygonzalez@example.com,Mendoza,Argentina,2025-10-03 01:15:42.590555+00:00
398,James,Gilbert,johnadams@example.com,La Plata,Argentina,2025-02-04 20:15:10.558587+00:00
399,Sandra,Davis,whenderson@example.org,Puebla,Mexico,2025-02-02 21:23:10.683228+00:00
400,Brittney,Johnson,gary59@example.com,Ciudad de México,Mexico,2025-09-11 19:41:08.571172+00:00
401,Scott,Glass,jamesbrooks@example.net,Tijuana,Mexico,2026-02-26 12:36:24.999371+00:00
402,Daniel,Brown,mistywilkins@example.org,Tijuana,Mexico,2025-02-19 08:25:27.151698+00:00
403,Linda,Torres,njohnson@example.net,Tijuana,Mexico,2025-07-11 14:24:31.403460+00:00
404,James,Mills,ana92@example.net,Guadalajara,Mexico,2025-11-06 00:35:47.770206+00:00
405,Andrew,Aguilar,scottbrian@example.org,Guadalajara,Mexico,2026-01-11 02:01:44.950816+00:00
406,Christine,Brown,jonesdonna@example.net,Mendoza,Argentina,2026-02-26 00:39:52.075615+00:00
407,Donna,Lin,carternicole@example.com,Santiago,Chile,2024-11-29 11:05:33.234347+00:00
408,Oscar,Bray,mckeetodd@example.net,New York,United States,2025-07-06 21:25:16.894810+00:00
409,Jacob,Mason,tcastro@example.org,Caracas,Venezuela,2024-07-12 15:16:31.189751+00:00
410,Sandra,Torres,klong@example.org,Barranquilla,Colombia,2025-02-21 21:56:02.692318+00:00
411,Michael,Garrett,wendyirwin@example.com,Los Angeles,United States,2026-01-27 16:04:16.292905+00:00
412,Connie,Johns,raymondstacy@example.org,Puebla,Mexico,2024-10-02 10:01:49.019115+00:00
413,Penny,Sandoval,blairabigail@example.net,Valparaíso,Chile,2025-09-03 23:30:23.525147+00:00
414,Connie,Perez,ashleysimmons@example.com,Concepción,Chile,2026-04-09 03:23:58.289121+00:00
415,Mark,Daniels,denisecarpenter@example.net,Monterrey,Mexico,2026-01-19 01:24:47.248611+00:00
416,Michelle,Parker,russellstout@example.org,Cuenca,Ecuador,2025-10-05 23:05:43.370316+00:00
417,Annette,Moore,grantstacy@example.org,Valparaíso,Chile,2024-10-26 02:31:31.790431+00:00
418,Mary,Thomas,cannonnicole@example.com,Medellín,Colombia,2026-05-16 17:35:07.648767+00:00
419,Kevin,Reese,edwin31@example.org,Guadalajara,Mexico,2024-10-26 13:14:31.838657+00:00
420,Kathryn,Salazar,catherine93@example.net,La Plata,Argentina,2024-11-30 04:52:04.875497+00:00
421,Grace,Howard,manderson@example.com,Arequipa,Peru,2025-11-15 17:07:58.297019+00:00
422,Nathaniel,Christian,kwells@example.org,Valparaíso,Chile,2024-11-25 21:15:57.442035+00:00
423,Ricky,Novak,stephanie33@example.org,La Plata,Argentina,2024-07-31 21:49:32.047782+00:00
424,Sara,Duke,dwatts@example.org,Santiago,Chile,2025-04-21 22:03:22.645856+00:00
425,Kimberly,Franklin,zcortez@example.net,Guadalajara,Mexico,2026-04-30 14:53:30.391307+00:00
426,Ashley,Herrera,meyershannon@example.org,Cuenca,Ecuador,2026-03-16 19:10:18.554875+00:00
427,John,Medina,grantzachary@example.net,Sevilla,Spain,2026-05-17 18:03:41.903736+00:00
428,James,Gonzales,kim47@example.org,Rosario,Argentina,2025-04-18 04:45:34.123145+00:00
429,Christie,Brown,stevenlucas@example.org,Houston,United States,2025-11-23 11:27:07.040773+00:00
430,Daniel,Osborne,phillipmorris@example.org,Puebla,Mexico,2024-10-22 06:22:07.183558+00:00
431,Brittany,Marquez,nicoledavis@example.com,Sevilla,Spain,2025-10-31 21:12:47.544874+00:00
432,Rebecca,Hogan,davisjasmin@example.net,Cartagena,Colombia,2025-03-05 17:18:16.429162+00:00
433,Alexandria,Cruz,nicholasjames@example.org,Guadalajara,Mexico,2026-04-10 23:31:59.213113+00:00
434,Ariana,Keller,fernandothomas@example.net,Guadalajara,Mexico,2024-07-21 01:54:22.187659+00:00
435,Kyle,Cross,lroberts@example.org,Quito,Ecuador,2026-03-31 23:09:38.893255+00:00
436,Susan,Smith,alexander77@example.net,Tijuana,Mexico,2026-01-24 10:15:39.998624+00:00
437,Cathy,Snyder,briannaalvarez@example.com,Medellín,Colombia,2025-05-02 09:06:07.255377+00:00
438,Carolyn,Smith,christine83@example.org,Ciudad de México,Mexico,2024-10-26 14:52:52.367313+00:00
439,Brian,Bailey,melissaestrada@example.net,Santiago,Chile,2025-01-17 14:29:21.197634+00:00
440,Samantha,Williams,kchaney@example.net,Mendoza,Argentina,2025-01-07 07:58:42.551877+00:00
441,Donna,Graves,tammycurry@example.com,Cusco,Peru,2026-04-25 00:36:44.499384+00:00
442,Christopher,Evans,priscilla16@example.net,Bogotá,Colombia,2024-07-31 00:36:15.858727+00:00
443,Thomas,Martinez,mark68@example.org,Tijuana,Mexico,2025-11-03 21:18:14.497468+00:00
444,Cheryl,Rodriguez,webbhaley@example.net,Tijuana,Mexico,2025-01-09 09:11:06.857406+00:00
445,Chelsea,Stewart,sara99@example.com,Cali,Colombia,2025-06-28 05:35:16.468182+00:00
446,Crystal,Vasquez,nicolehall@example.com,La Serena,Chile,2026-05-29 22:13:49.877809+00:00
447,Aaron,Johnson,mclaughlinjared@example.net,Salvador,Brazil,2026-06-13 08:06:57.510445+00:00
448,Robert,Cook,alexharris@example.com,La Plata,Argentina,2024-12-16 10:40:52.162326+00:00
449,Carlos,Evans,katie15@example.com,Rosario,Argentina,2025-03-29 21:42:07.053113+00:00
450,Ashley,Choi,jamesbass@example.net,Mendoza,Argentina,2025-05-29 13:51:05.595572+00:00
451,Thomas,Johnson,timothyburton@example.net,Monterrey,Mexico,2026-03-30 01:20:43.700802+00:00
452,Steven,Olsen,conleykevin@example.net,La Serena,Chile,2025-10-22 00:11:25.793806+00:00
453,Angela,Smith,lauren51@example.org,São Paulo,Brazil,2025-01-04 11:14:45.165566+00:00
454,Anthony,Terrell,ashleyprice@example.net,Salvador,Brazil,2024-09-06 22:49:09.799697+00:00
455,Kimberly,Parker,jennifer46@example.org,Barcelona,Spain,2025-06-11 16:28:30.127771+00:00
456,John,Hayes,javier42@example.org,Tijuana,Mexico,2025-03-13 22:55:30.515657+00:00
457,Benjamin,Harris,wallaceangel@example.com,Cali,Colombia,2026-04-05 15:36:21.583864+00:00
458,Eric,Peterson,hoconnor@example.com,Madrid,Spain,2026-01-01 02:37:52.483898+00:00
459,Douglas,Wiggins,jamiejohnson@example.com,Ciudad de México,Mexico,2025-11-16 22:12:16.996210+00:00
460,Alexandra,Smith,mcdanielbrooke@example.org,Barcelona,Spain,2025-02-12 01:25:52.519026+00:00
461,Pamela,Garcia,andrew43@example.com,La Plata,Argentina,2024-11-07 02:23:53.707059+00:00
462,Justin,Patel,rlambert@example.org,Bogotá,Colombia,2024-10-06 15:29:59.319310+00:00
463,Danny,Mullen,clarkmichael@example.com,Monterrey,Mexico,2024-12-28 14:18:38.175583+00:00
464,Sherry,Brock,georgecollins@example.com,Ciudad de México,Mexico,2025-07-13 11:29:36.792979+00:00
465,Brent,Johnson,rodriguezbrian@example.com,Salvador,Brazil,2025-03-26 21:15:06.499342+00:00
466,Janet,Vance,tjensen@example.com,Concepción,Chile,2026-01-31 17:21:20.455566+00:00
467,Jennifer,Lambert,beltrankatelyn@example.com,Lima,Peru,2025-08-02 08:33:53.229970+00:00
468,Christopher,Lang,tdavis@example.net,Caracas,Venezuela,2025-09-27 07:59:34.896209+00:00
469,Katie,Ruiz,douglashuang@example.com,La Serena,Chile,2026-04-11 10:12:24.705320+00:00
470,Philip,Lyons,kristina57@example.com,Tijuana,Mexico,2024-07-05 16:55:53.460957+00:00
471,Thomas,Bell,ssingleton@example.com,Ciudad de México,Mexico,2025-08-29 03:06:40.622195+00:00
472,David,Garcia,nguyendebra@example.com,Barcelona,Spain,2025-07-07 18:11:41.358342+00:00
473,Richard,Gutierrez,amydickson@example.com,Santiago,Chile,2024-07-31 20:29:10.835931+00:00
474,Jared,Benson,bmueller@example.net,Bogotá,Colombia,2026-01-09 17:23:25.090498+00:00
475,Amy,Young,stevensonjennifer@example.com,Montevideo,Uruguay,2024-09-05 02:36:31.653900+00:00
476,Caitlin,Nguyen,shortgregory@example.com,Vancouver,Canada,2024-08-03 10:40:58.511793+00:00
477,Daniel,Cervantes,pmurphy@example.net,Barranquilla,Colombia,2024-07-28 12:13:55.469093+00:00
478,Jeff,Taylor,shermandonna@example.com,Medellín,Colombia,2025-07-06 16:04:38.388274+00:00
479,Peter,Lane,jamierich@example.com,Buenos Aires,Argentina,2025-08-04 04:10:03.099439+00:00
480,Robin,Torres,wrobbins@example.org,Cuenca,Ecuador,2025-08-13 06:26:41.798669+00:00
481,Cheryl,Dixon,melissabrown@example.net,Tijuana,Mexico,2026-05-21 15:06:18.041054+00:00
482,Aaron,Castro,daniel40@example.org,Guayaquil,Ecuador,2025-04-24 22:59:03.191674+00:00
483,Brittany,Garrett,bsullivan@example.net,Monterrey,Mexico,2024-11-14 21:17:38.816141+00:00
484,Glenn,Taylor,xbridges@example.com,Guadalajara,Mexico,2024-10-04 06:53:43.344337+00:00
485,Whitney,Santiago,alexanderwong@example.org,Barranquilla,Colombia,2025-11-22 12:31:42.444179+00:00
486,Tommy,Kim,christophermay@example.com,Concepción,Chile,2026-03-03 22:08:26.263719+00:00
487,Patricia,Dominguez,dhanson@example.net,Tijuana,Mexico,2025-04-19 09:54:20.404281+00:00
488,Lori,Cruz,jacobjacobs@example.net,Ciudad de México,Mexico,2025-06-12 11:48:14.576140+00:00
489,Jessica,Joseph,robert89@example.com,Rosario,Argentina,2024-07-08 00:59:34.177236+00:00
490,Benjamin,Webb,daniel71@example.org,Valencia,Venezuela,2025-11-28 23:36:59.182398+00:00
491,Alicia,Villarreal,steven18@example.net,Alajuela,Costa Rica,2024-08-17 04:57:15.280469+00:00
492,Thomas,Harmon,suttonamber@example.net,Valencia,Spain,2025-01-27 20:57:01.419454+00:00
493,Brian,Cooper,harrisonwilliam@example.com,Trujillo,Peru,2025-08-06 20:50:21.992551+00:00
494,Martin,Gomez,keith09@example.net,Córdoba,Argentina,2025-01-21 17:10:45.649083+00:00
495,Kristen,Green,klane@example.org,Salvador,Brazil,2025-10-06 00:38:25.771722+00:00
496,Kelly,Mclaughlin,mitchellchristopher@example.net,Lima,Peru,2024-08-08 17:52:03.068645+00:00
497,Kristen,King,joshua40@example.net,Rosario,Argentina,2024-09-03 01:59:09.204398+00:00
498,Greg,Vargas,donnawood@example.org,Guadalajara,Mexico,2024-12-21 10:30:36.891575+00:00
499,Jaclyn,Washington,cooperchristopher@example.org,Arequipa,Peru,2025-08-22 15:08:54.366686+00:00
500,Lydia,Monroe,ptownsend@example.net,Sevilla,Spain,2025-05-01 03:28:03.201951+00:00
501,Dana,Clark,brian41@example.org,Alajuela,Costa Rica,2024-10-14 00:38:41.947626+00:00
502,Raymond,Turner,noahthornton@example.com,Rosario,Argentina,2024-12-22 10:34:24.143417+00:00
503,Alyssa,Graham,sara76@example.net,Ciudad de México,Mexico,2025-01-30 04:51:24.175291+00:00
504,Alyssa,Blanchard,hardindana@example.com,Cali,Colombia,2025-09-02 13:05:42.804391+00:00
505,Denise,Nelson,joseph14@example.net,Guadalajara,Mexico,2025-08-14 07:51:47.246980+00:00
506,Steven,Leonard,jessicachapman@example.org,Rosario,Argentina,2025-06-28 09:54:35.320698+00:00
507,Erica,Kaiser,amy01@example.org,Tijuana,Mexico,2025-04-10 00:10:16.516711+00:00
508,Alicia,Jennings,jeffrey44@example.org,Guadalajara,Mexico,2024-07-08 11:09:32.826178+00:00
509,Christine,Brown,stephanielittle@example.net,Córdoba,Argentina,2026-05-14 05:57:48.229959+00:00
510,Christopher,Jacobs,pdouglas@example.net,Guadalajara,Mexico,2026-01-21 07:40:23.866106+00:00
511,Jack,Rodriguez,jonowens@example.org,Los Angeles,United States,2025-09-23 05:08:54.695928+00:00
512,Sandra,Hill,qschwartz@example.com,Guadalajara,Mexico,2024-12-18 13:51:25.006530+00:00
513,Kimberly,Ramirez,reyesmarvin@example.org,Valencia,Spain,2024-12-19 05:40:14.018002+00:00
514,Lisa,Thompson,vasquezsarah@example.net,Ciudad de México,Mexico,2025-03-27 09:50:02.067672+00:00
515,Debbie,Rodriguez,probinson@example.org,Ciudad de México,Mexico,2026-04-11 05:46:55.632725+00:00
516,Jennifer,Garcia,jonesjessica@example.com,Trujillo,Peru,2024-06-27 07:19:50.244016+00:00
517,Tyler,Delgado,fitzpatrickelizabeth@example.com,Santiago,Chile,2024-10-02 08:15:53.061507+00:00
518,Mark,Myers,robertsonshelby@example.com,New York,United States,2025-05-28 20:51:58.280173+00:00
519,Richard,Luna,fernandezaaron@example.net,La Serena,Chile,2026-02-01 02:43:45.988817+00:00
520,Timothy,Bradley,mathew46@example.org,New York,United States,2025-09-18 11:03:13.403912+00:00
521,Susan,Davis,christopher74@example.net,La Plata,Argentina,2024-11-08 23:21:57.181990+00:00
522,Angela,Ponce,kentprice@example.org,Guadalajara,Mexico,2025-09-17 06:01:50.998026+00:00
523,Michael,Miller,imoss@example.org,Rio de Janeiro,Brazil,2024-11-01 15:33:50.908293+00:00
524,Jennifer,Watkins,yprice@example.net,Puebla,Mexico,2025-09-26 14:16:08.925526+00:00
525,Victor,Hanna,blevy@example.org,La Plata,Argentina,2025-02-16 10:32:20.030257+00:00
526,Matthew,Le,zwilson@example.net,Monterrey,Mexico,2025-10-14 01:25:35.082362+00:00
527,Stephen,Gregory,joycehall@example.org,Medellín,Colombia,2024-07-10 12:52:36.630329+00:00
528,Donald,Valdez,nmeadows@example.org,Bogotá,Colombia,2024-12-07 20:56:57.425437+00:00
529,Deborah,Smith,conwaylori@example.org,Trujillo,Peru,2025-05-12 19:57:52.532510+00:00
530,George,Garza,wilsonbrooke@example.net,Ciudad de México,Mexico,2024-11-21 17:19:36.832775+00:00
531,Linda,Simmons,rnguyen@example.net,Guadalajara,Mexico,2025-07-17 08:32:43.819767+00:00
532,Marc,Oconnell,kathrynwatkins@example.com,Bogotá,Colombia,2024-07-29 18:43:51.836216+00:00
533,Joshua,Todd,heathertran@example.com,Tijuana,Mexico,2024-12-08 13:48:56.239224+00:00
534,Brandi,Anderson,bstrickland@example.com,Los Angeles,United States,2024-08-11 13:32:43.042073+00:00
535,Adrian,Howe,robert72@example.org,Córdoba,Argentina,2024-09-26 02:54:10.723823+00:00
536,Joseph,Cole,sharonbishop@example.org,Tijuana,Mexico,2025-08-23 03:54:33.328365+00:00
537,Jennifer,Salazar,burtonkimberly@example.com,Guadalajara,Mexico,2025-04-15 12:18:29.287137+00:00
538,Angela,Lee,montgomerymichelle@example.net,Córdoba,Argentina,2025-06-19 08:18:58.331014+00:00
539,Steven,Sims,joshualee@example.org,Cali,Colombia,2025-10-27 03:43:11.507451+00:00
540,Tanya,Wells,ernestlivingston@example.org,Barranquilla,Colombia,2025-09-27 15:44:45.354445+00:00
541,Justin,Hamilton,christina70@example.org,Guadalajara,Mexico,2025-12-06 10:59:19.327981+00:00
542,Sara,Thompson,washingtondarren@example.org,Valparaíso,Chile,2025-11-22 13:38:52.125570+00:00
543,Brittany,Nguyen,julievillanueva@example.org,Valencia,Spain,2026-01-03 14:58:33.457313+00:00
544,Mark,Garcia,ykane@example.org,Sevilla,Spain,2024-08-06 07:26:34.694968+00:00
545,Brenda,Brown,nthomas@example.com,Los Angeles,United States,2024-10-21 16:01:52.135792+00:00
546,Nathaniel,Ellis,crystalcantrell@example.org,Guadalajara,Mexico,2025-02-13 23:02:27.502286+00:00
547,Antonio,Carroll,derek77@example.com,Buenos Aires,Argentina,2024-10-16 15:46:28.508970+00:00
548,Matthew,Tanner,kristinelittle@example.net,Puebla,Mexico,2026-04-06 02:30:57.087025+00:00
549,Belinda,Tran,christophervincent@example.com,Tijuana,Mexico,2026-03-05 10:00:54.798525+00:00
550,Javier,Wells,uramirez@example.com,Rosario,Argentina,2025-12-03 08:41:22.812006+00:00
551,John,Murphy,patriciavargas@example.org,Valencia,Spain,2026-04-12 01:51:51.985444+00:00
552,Rachel,Butler,williamsthomas@example.net,Tijuana,Mexico,2024-07-08 03:46:28.918763+00:00
553,Amanda,Mendoza,chavezjohn@example.net,Ciudad de México,Mexico,2025-12-15 16:58:09.925807+00:00
554,Heather,Russell,davidphillips@example.net,Lima,Peru,2026-06-13 07:29:46.577481+00:00
555,Allen,Caldwell,jacquelinehodge@example.net,Monterrey,Mexico,2025-08-13 22:48:15.073946+00:00
556,Tiffany,Ford,morgansullivan@example.com,Buenos Aires,Argentina,2025-09-14 11:18:14.751114+00:00
557,Jane,Smith,cruzhannah@example.net,Cali,Colombia,2024-07-07 11:53:04.193585+00:00
558,Ronald,Nelson,kristinmiller@example.com,Monterrey,Mexico,2025-12-03 01:21:36.711282+00:00
559,Brian,Dougherty,pamela16@example.com,Rosario,Argentina,2025-05-19 12:41:54.655068+00:00
560,Blake,Richardson,castrokim@example.org,Puebla,Mexico,2026-05-31 09:11:15.785933+00:00
561,John,Wilson,wmclaughlin@example.net,Tijuana,Mexico,2026-03-11 22:36:45.122651+00:00
562,Jacqueline,Mullins,lukehurst@example.net,Tijuana,Mexico,2025-10-23 11:45:50.240590+00:00
563,Joshua,Brown,shaun88@example.org,Valparaíso,Chile,2025-05-23 01:02:31.970675+00:00
564,Amanda,Bryan,shannon51@example.org,Punta del Este,Uruguay,2026-03-27 02:46:27.478827+00:00
565,Stephen,Miller,keithfrye@example.org,Cartagena,Colombia,2024-10-11 22:57:27.013323+00:00
566,Daniel,Hernandez,nancymeyer@example.net,Mendoza,Argentina,2024-06-30 04:09:00.629122+00:00
567,Robert,Fleming,thomasfisher@example.net,Houston,United States,2025-09-27 12:39:12.450457+00:00
568,Kelly,Brown,marystone@example.com,La Serena,Chile,2025-04-10 07:56:13.446579+00:00
569,Matthew,Lucas,todd88@example.com,Valparaíso,Chile,2025-05-14 03:54:56.780484+00:00
570,Ashley,Villanueva,george43@example.com,New York,United States,2025-03-12 06:22:05.444875+00:00
571,Keith,Bruce,michaelbryant@example.org,Cartagena,Colombia,2025-09-08 11:53:00.690719+00:00
572,Eugene,Nichols,teresafranco@example.net,Santiago,Chile,2026-04-05 11:19:00.653556+00:00
573,Laura,Martin,williamsleslie@example.org,Monterrey,Mexico,2025-05-01 15:48:11.694029+00:00
574,Mike,Harris,wadetiffany@example.org,Monterrey,Mexico,2025-03-13 00:07:15.372203+00:00
575,Amber,Martin,david06@example.com,Cusco,Peru,2025-12-26 23:38:48.741052+00:00
576,Stacie,Reilly,adamrodgers@example.net,La Serena,Chile,2025-02-10 14:12:30.780519+00:00
577,Janice,Wells,tara92@example.net,Puebla,Mexico,2025-11-27 18:50:06.933210+00:00
578,Sandra,Morgan,dennisrachel@example.org,Valencia,Spain,2025-10-21 20:52:19.190083+00:00
579,Darryl,Johnson,seandavis@example.org,Salvador,Brazil,2025-08-31 20:10:13.342782+00:00
580,James,Fox,james18@example.com,Medellín,Colombia,2025-10-21 04:18:20.191210+00:00
581,Susan,Daugherty,ulee@example.net,Los Angeles,United States,2025-08-29 14:17:21.166991+00:00
582,Sherry,Kerr,raymond65@example.com,Brasília,Brazil,2025-03-12 22:39:07.408118+00:00
583,Justin,Bell,fsawyer@example.org,Valencia,Venezuela,2025-11-27 06:43:51.464347+00:00
584,Sean,Riddle,zroberts@example.net,Rio de Janeiro,Brazil,2026-05-23 10:15:10.178036+00:00
585,Rodney,Mosley,maryharper@example.org,Ciudad de México,Mexico,2024-11-12 09:07:15.456516+00:00
586,Thomas,Dillon,carl96@example.org,Puebla,Mexico,2024-06-18 10:23:38.732934+00:00
587,Danielle,Nelson,angelapage@example.org,Buenos Aires,Argentina,2024-11-06 03:38:35.526006+00:00
588,Marisa,Roberts,twilliams@example.net,São Paulo,Brazil,2025-01-21 14:26:10.667372+00:00
589,Anita,Ford,moodyeric@example.com,Tijuana,Mexico,2026-05-12 22:57:16.806300+00:00
590,Mary,Kennedy,robert73@example.org,Puebla,Mexico,2024-09-08 18:49:26.214543+00:00
591,Joshua,Gamble,georgemichael@example.com,Guadalajara,Mexico,2025-07-31 17:44:15.027182+00:00
592,Miranda,Burton,hmccann@example.com,Salvador,Brazil,2025-06-22 23:42:46.108059+00:00
593,Barbara,Bruce,bonniethomas@example.com,Valparaíso,Chile,2026-03-17 04:35:31.074926+00:00
594,Derek,Martin,michael50@example.com,Córdoba,Argentina,2025-01-12 15:40:12.862253+00:00
595,Danielle,Jones,katiewhite@example.org,Monterrey,Mexico,2025-08-24 23:34:18.521810+00:00
596,Gary,Morris,margaret44@example.net,New York,United States,2025-11-05 10:47:12.030174+00:00
597,Michael,Ferguson,madeline02@example.net,Houston,United States,2025-01-05 04:02:10.919338+00:00
598,Kimberly,Jenkins,curtismoore@example.org,Salto,Uruguay,2026-02-11 01:06:13.266000+00:00
599,Laura,Hansen,butlersabrina@example.org,Valencia,Venezuela,2026-02-01 17:56:53.825994+00:00
600,Sandra,Mendoza,hannah27@example.net,Cartagena,Colombia,2025-06-30 17:27:48.486532+00:00
601,Tara,Jackson,anthony13@example.org,Tijuana,Mexico,2026-03-01 11:37:41.714819+00:00
602,Douglas,Perez,jasonzavala@example.com,Cartagena,Colombia,2025-10-31 05:26:50.124866+00:00
603,Kristen,Jones,ctodd@example.org,Cartagena,Colombia,2024-08-31 08:33:28.311433+00:00
604,Laura,Palmer,harrisonrebekah@example.org,Monterrey,Mexico,2024-07-31 23:46:19.974001+00:00
605,Elizabeth,Webster,morajamie@example.org,Córdoba,Argentina,2024-10-26 13:51:41.511635+00:00
606,Michael,Davis,stacy55@example.org,Sevilla,Spain,2026-02-28 06:13:32.398351+00:00
607,Kimberly,Austin,garciabelinda@example.org,Puebla,Mexico,2025-07-04 21:42:08.035751+00:00
608,Jennifer,Brandt,rachelmedina@example.net,Monterrey,Mexico,2024-08-24 16:27:57.331874+00:00
609,Jason,Gordon,lrichardson@example.org,Tijuana,Mexico,2025-04-30 18:21:56.000132+00:00
610,Susan,White,tina63@example.net,Barcelona,Spain,2024-11-26 19:43:35.423332+00:00
611,Daniel,Rollins,owensapril@example.com,Puebla,Mexico,2025-12-22 10:10:17.520200+00:00
612,Janet,Hawkins,millertristan@example.com,Mendoza,Argentina,2025-01-06 18:29:41.839708+00:00
613,Caroline,Collins,aperez@example.com,Maracaibo,Venezuela,2026-06-03 02:14:31.321328+00:00
614,Ronnie,Gates,xcrosby@example.org,Puebla,Mexico,2024-06-22 22:30:38.038552+00:00
615,Emily,Powers,qkim@example.net,Barcelona,Spain,2024-08-14 16:38:17.126472+00:00
616,Douglas,Morales,figueroapatricia@example.org,Valencia,Spain,2024-07-30 20:49:37.722794+00:00
617,Theresa,Morgan,bmartinez@example.net,Tijuana,Mexico,2025-06-13 04:30:51.089939+00:00
618,Kathy,Miranda,katelyn65@example.com,Medellín,Colombia,2025-10-13 14:12:59.808913+00:00
619,Stephanie,Archer,dylan71@example.org,Puebla,Mexico,2024-12-13 17:19:46.482131+00:00
620,Tyler,Fuller,anthonyrojas@example.org,Barcelona,Spain,2025-06-12 11:25:02.610065+00:00
621,Anthony,White,eric99@example.org,Puebla,Mexico,2025-12-20 21:18:58.133096+00:00
622,Donna,Meyer,msparks@example.com,Concepción,Chile,2025-10-10 05:51:21.741363+00:00
623,Tracy,Green,lisa88@example.org,Tijuana,Mexico,2026-05-10 10:32:21.393262+00:00
624,Anthony,Jordan,reyesleonard@example.com,Sevilla,Spain,2025-05-02 21:02:13.943623+00:00
625,Barry,Thompson,nicole27@example.com,Ciudad de México,Mexico,2024-09-19 20:08:18.909200+00:00
626,Jennifer,Freeman,carrolltracy@example.net,Monterrey,Mexico,2025-10-27 06:00:22.305418+00:00
627,Ashley,Alvarez,williammyers@example.com,Puebla,Mexico,2025-08-19 08:16:28.546737+00:00
628,Nicholas,Rhodes,luke09@example.org,Concepción,Chile,2024-09-15 05:51:43.900549+00:00
629,Michael,Pacheco,hubbardcolleen@example.com,Trujillo,Peru,2024-08-23 17:02:58.606187+00:00
630,Michael,Howard,brian33@example.org,Ciudad de México,Mexico,2025-09-30 00:13:56.222161+00:00
631,Brittany,Lozano,meltondanny@example.org,Tijuana,Mexico,2024-06-27 23:56:11.141277+00:00
632,Mark,Murray,abradley@example.com,Ciudad de México,Mexico,2024-06-28 12:02:17.270610+00:00
633,Terry,Johnson,nicholas65@example.net,Guadalajara,Mexico,2024-08-23 23:38:05.531737+00:00
634,Tracy,Vazquez,matthewshaw@example.net,Lima,Peru,2025-02-16 14:59:50.981678+00:00
635,Christina,Cox,karlwilliams@example.net,Guadalajara,Mexico,2025-04-03 06:30:21.035586+00:00
636,Jeremiah,Newton,robbinsbelinda@example.net,Guadalajara,Mexico,2025-02-14 15:38:18.541812+00:00
637,Carlos,Solis,wsimmons@example.org,Monterrey,Mexico,2025-10-02 12:47:09.439286+00:00
638,Kevin,Brock,ualvarado@example.org,Sevilla,Spain,2025-04-12 05:54:49.858557+00:00
639,John,Robertson,nicoleburton@example.net,Vancouver,Canada,2026-03-05 18:58:10.233022+00:00
640,Barbara,Lewis,oadams@example.net,Lima,Peru,2026-01-25 12:11:19.457876+00:00
641,Melissa,Meadows,boydmichael@example.org,Guadalajara,Mexico,2024-12-06 04:28:33.426998+00:00
642,Julie,Cannon,ejenkins@example.net,Puebla,Mexico,2024-11-09 07:02:13.752447+00:00
643,Robert,Colon,jonathanburke@example.com,Puebla,Mexico,2024-12-04 19:19:55.798987+00:00
644,Edward,Johnson,steven86@example.com,Monterrey,Mexico,2025-09-29 03:52:55.764825+00:00
645,Benjamin,Moore,anthonyclarke@example.com,Madrid,Spain,2025-10-07 17:51:14.579436+00:00
646,Gregory,Phelps,dcasey@example.org,Guadalajara,Mexico,2025-01-28 21:34:59.177196+00:00
647,Kenneth,Brown,qmosley@example.net,Barranquilla,Colombia,2026-03-22 14:21:42.531355+00:00
648,Randy,Larsen,joelduncan@example.net,Ciudad de México,Mexico,2026-04-26 02:07:54.237264+00:00
649,Alejandra,Calderon,tyler13@example.net,Ciudad de México,Mexico,2024-09-10 22:03:14.504429+00:00
650,Lindsay,Murphy,vshaffer@example.org,Córdoba,Argentina,2026-04-27 23:05:38.112056+00:00
651,Jeffery,Rodriguez,taragonzales@example.com,Rosario,Argentina,2026-03-05 22:18:09.802927+00:00
652,Brian,Ferguson,stewartrodney@example.net,Caracas,Venezuela,2024-12-10 13:11:13.889253+00:00
653,Joshua,Mueller,michaelbaldwin@example.com,Santiago,Chile,2024-06-28 23:49:05.590878+00:00
654,Tammy,Obrien,vazquezkristina@example.org,São Paulo,Brazil,2024-12-15 09:31:47.936693+00:00
655,Paul,Fowler,rebecca18@example.org,Monterrey,Mexico,2026-03-02 02:12:47.702619+00:00
656,Paul,Browning,qpennington@example.com,Ciudad de México,Mexico,2024-08-18 12:34:50.530836+00:00
657,Mackenzie,Young,michelemartin@example.com,Los Angeles,United States,2025-09-17 18:55:40.121221+00:00
658,Natasha,Wang,rmccormick@example.org,Montevideo,Uruguay,2026-02-04 22:15:49.063514+00:00
659,Shelby,Ruiz,vhouse@example.net,Concepción,Chile,2025-04-18 03:04:23.701733+00:00
660,Samantha,Garcia,hollyhunter@example.com,Monterrey,Mexico,2025-04-17 00:51:19.544025+00:00
661,Jessica,Kelley,shawn00@example.net,La Serena,Chile,2025-09-25 06:26:50.004508+00:00
662,Crystal,Gibbs,aarongonzalez@example.com,Madrid,Spain,2025-01-28 18:22:31.207369+00:00
663,Christopher,Moore,melaniejennings@example.com,Alajuela,Costa Rica,2025-05-09 09:39:34.108053+00:00
664,Morgan,Anderson,graceserrano@example.com,Sevilla,Spain,2024-11-05 17:13:56.106111+00:00
665,Robert,White,kduffy@example.org,Arequipa,Peru,2024-06-28 17:51:53.968908+00:00
666,Andrew,Hansen,rebeccamccann@example.org,Bogotá,Colombia,2024-12-21 19:48:43.485481+00:00
667,Melissa,Williams,jburke@example.org,Puebla,Mexico,2026-05-14 10:07:39.343025+00:00
668,George,Bradley,higginsryan@example.com,Tijuana,Mexico,2026-02-07 21:26:09.031290+00:00
669,Troy,Walker,jamesatkins@example.com,Ciudad de México,Mexico,2025-01-09 22:45:58.910589+00:00
670,Troy,Anderson,carolcarney@example.com,Guadalajara,Mexico,2025-11-26 10:39:08.241213+00:00
671,Jaime,White,anthonycherry@example.org,Lima,Peru,2025-09-07 19:13:43.535806+00:00
672,Rebecca,Wood,emiller@example.org,Guadalajara,Mexico,2026-03-12 04:05:02.372313+00:00
673,Terri,Sanders,jennifererickson@example.net,Tijuana,Mexico,2025-08-23 20:06:28.246451+00:00
674,Charles,Hawkins,cookjimmy@example.com,Valencia,Spain,2026-06-11 16:42:45.531578+00:00
675,Sheila,Coffey,smithwilliam@example.com,Sevilla,Spain,2025-01-20 13:46:08.520090+00:00
676,Ralph,Wood,carpenterjorge@example.net,São Paulo,Brazil,2025-06-08 14:35:11.660631+00:00
677,Matthew,Mcdonald,stewartalyssa@example.org,Cusco,Peru,2024-12-20 19:40:06.466425+00:00
678,Lawrence,Good,rsavage@example.net,Brasília,Brazil,2025-03-04 00:05:05.239002+00:00
679,Russell,Orr,chloe48@example.com,Houston,United States,2025-04-27 22:09:35.524810+00:00
680,Frederick,Doyle,jgallagher@example.net,Cusco,Peru,2026-02-26 17:19:55.095467+00:00
681,Diane,Yates,lopezbrian@example.org,Mendoza,Argentina,2024-07-09 19:04:29.995686+00:00
682,Jorge,Mccarthy,fwilson@example.org,Guadalajara,Mexico,2025-05-02 02:51:59.449998+00:00
683,Vanessa,Hoffman,uvasquez@example.org,Rosario,Argentina,2024-09-11 22:12:07.037377+00:00
684,Clayton,Oneill,marybrady@example.com,Brasília,Brazil,2025-07-30 00:56:17.332303+00:00
685,Elizabeth,Lewis,foxashley@example.com,Los Angeles,United States,2026-04-16 22:35:51.515790+00:00
686,John,Jimenez,clayanthony@example.net,Guadalajara,Mexico,2026-05-31 10:38:24.928447+00:00
687,David,Brooks,hooderic@example.org,Cali,Colombia,2025-05-15 18:56:32.948031+00:00
688,Jasmine,Castillo,brooke05@example.org,Mendoza,Argentina,2025-10-05 22:03:39.927177+00:00
689,Stephanie,Nguyen,jasonwilliams@example.net,Tijuana,Mexico,2025-01-06 06:58:08.974483+00:00
690,Lauren,Manning,tammyglenn@example.org,Medellín,Colombia,2024-06-28 13:57:44.802118+00:00
691,Jared,Price,wmitchell@example.net,New York,United States,2024-10-04 04:34:12.665392+00:00
692,Kenneth,Owen,rebecca92@example.com,Rio de Janeiro,Brazil,2025-10-12 17:56:15.580713+00:00
693,Marilyn,Hunt,ygriffin@example.com,Ciudad de México,Mexico,2024-12-26 17:12:26.320307+00:00
694,Caroline,Davis,nshepherd@example.org,Trujillo,Peru,2025-04-26 16:53:30.985393+00:00
695,Ronald,Williams,teresa32@example.com,Puebla,Mexico,2025-07-03 18:21:09.170593+00:00
696,Deborah,Miller,zkim@example.com,Rio de Janeiro,Brazil,2025-01-19 00:42:20.267733+00:00
697,Tracey,Sutton,mckenzie86@example.com,Concepción,Chile,2025-08-02 21:39:00.092725+00:00
698,Andrea,Lowery,dixonrobert@example.com,Cali,Colombia,2025-10-09 08:09:08.565416+00:00
699,Ashley,King,brenda80@example.org,Tijuana,Mexico,2025-12-06 12:43:45.455941+00:00
700,Steven,Hartman,awilliams@example.net,Lima,Peru,2025-01-17 00:34:07.153573+00:00
701,Brenda,Gibson,qhanson@example.com,Barcelona,Spain,2026-05-20 18:25:11.096015+00:00
702,Monica,Lopez,christianhendrix@example.com,Ciudad de México,Mexico,2026-03-12 07:06:18.062895+00:00
703,Daniel,Ferguson,fosteralexander@example.net,Puebla,Mexico,2025-05-28 02:59:30.802811+00:00
704,Heather,Melton,nturner@example.com,Ciudad de México,Mexico,2025-10-31 02:42:54.239960+00:00
705,Sylvia,Leonard,christopher20@example.org,La Serena,Chile,2024-09-03 08:21:05.590926+00:00
706,Allen,Waller,clarkdeborah@example.net,Cusco,Peru,2024-12-07 05:07:47.972101+00:00
707,Megan,Garrison,christophercarrillo@example.org,Guadalajara,Mexico,2025-05-25 20:06:16.002630+00:00
708,Andrew,Martin,joannewallace@example.com,Santiago,Chile,2025-05-24 00:16:39.337433+00:00
709,Michelle,Richards,kennethgallegos@example.com,Guadalajara,Mexico,2024-07-20 19:05:54.595454+00:00
710,Alan,Mccoy,fpetty@example.net,Lima,Peru,2025-08-10 07:10:00.699327+00:00
711,Jessica,Duarte,freemantodd@example.net,Bogotá,Colombia,2025-11-24 21:56:36.087191+00:00
712,Savannah,Stein,dhall@example.net,Barranquilla,Colombia,2024-06-27 11:47:55.717481+00:00
713,Barbara,Tran,patricia67@example.org,Madrid,Spain,2025-06-10 00:45:18.096744+00:00
714,Sheila,Reed,ssmith@example.net,Valencia,Spain,2024-10-31 23:56:10.208195+00:00
715,Maurice,Hall,brianacohen@example.net,Buenos Aires,Argentina,2026-02-27 00:41:50.970473+00:00
716,Jennifer,Mcdonald,jennifer66@example.net,Madrid,Spain,2025-10-03 05:40:31.336705+00:00
717,Michael,Kennedy,christycampbell@example.net,Valencia,Venezuela,2024-08-15 13:25:48.915417+00:00
718,Timothy,Thompson,catherinegarcia@example.com,Guadalajara,Mexico,2026-05-03 11:32:15.299489+00:00
719,Tristan,Young,kiddmichael@example.com,Córdoba,Argentina,2025-03-01 09:52:37.597291+00:00
720,Eric,Clayton,romanmatthew@example.org,Guadalajara,Mexico,2025-09-07 17:10:19.157111+00:00
721,David,Walker,victoria50@example.net,Valparaíso,Chile,2024-12-25 23:52:59.605546+00:00
722,Edward,Vaughn,mccarthysara@example.com,La Plata,Argentina,2026-01-18 05:48:35.418627+00:00
723,Sydney,Campos,harringtonchelsea@example.org,Bogotá,Colombia,2026-02-05 05:29:40.065085+00:00
724,Bobby,Garcia,pittsrhonda@example.org,Brasília,Brazil,2025-11-27 15:25:30.767281+00:00
725,Jean,Gill,goconnor@example.org,Trujillo,Peru,2025-09-29 06:52:43.102536+00:00
726,Matthew,Taylor,scottperry@example.org,Los Angeles,United States,2024-12-09 19:07:07.575364+00:00
727,Lisa,Peterson,christopherwatson@example.com,Sevilla,Spain,2025-03-04 00:58:56.533810+00:00
728,Elizabeth,Hernandez,icobb@example.com,Córdoba,Argentina,2025-04-11 14:03:02.774624+00:00
729,Robert,Ellis,sherry72@example.org,La Plata,Argentina,2025-11-19 19:25:30.779527+00:00
730,Zachary,Jones,leroy26@example.org,Cali,Colombia,2025-03-27 20:54:38.485430+00:00
731,Benjamin,Nielsen,rachelbrown@example.net,Cuenca,Ecuador,2026-05-30 12:04:12.614386+00:00
732,Lauren,Liu,robert84@example.net,Vancouver,Canada,2025-12-08 02:58:16.998818+00:00
733,Regina,Smith,rachel92@example.net,Houston,United States,2025-04-04 16:00:13.276680+00:00
734,Dawn,Clay,zterry@example.net,Salvador,Brazil,2025-04-05 01:57:18.527391+00:00
735,James,Turner,medinapeter@example.net,Valencia,Spain,2025-12-06 04:35:44.211336+00:00
736,David,Braun,jason88@example.com,Valparaíso,Chile,2025-06-29 10:09:55.525559+00:00
737,Katherine,Moore,zamoraamber@example.com,Cartagena,Colombia,2024-12-06 21:24:30.393256+00:00
738,Kim,Barber,dennismckenzie@example.com,Guayaquil,Ecuador,2025-09-14 14:26:05.292243+00:00
739,Michael,Williams,westashley@example.org,Barranquilla,Colombia,2025-05-10 14:42:49.629397+00:00
740,Tonya,Trujillo,michaelmitchell@example.net,Barranquilla,Colombia,2025-08-05 23:48:33.199399+00:00
741,Donald,Gray,danielblack@example.org,Ciudad de México,Mexico,2026-02-04 16:02:20.156657+00:00
742,Michael,Garcia,fpoole@example.org,Salto,Uruguay,2024-07-29 00:42:17.610709+00:00
743,Pamela,Alvarez,rmiller@example.net,Guadalajara,Mexico,2025-04-03 19:14:23.852489+00:00
744,Angelica,Maxwell,breanna67@example.net,Vancouver,Canada,2026-04-24 16:49:28.755332+00:00
745,Tracy,Mcpherson,drewmartinez@example.net,Guadalajara,Mexico,2025-05-13 22:45:23.004178+00:00
746,Tammy,Palmer,bensonstanley@example.org,Monterrey,Mexico,2025-12-10 21:34:12.709245+00:00
747,Sherry,Wood,guzmanricky@example.org,Monterrey,Mexico,2025-03-10 13:45:32.476557+00:00
748,Keith,Mills,watsonvickie@example.com,Cuenca,Ecuador,2025-01-14 08:17:39.228873+00:00
749,Anthony,Thomas,twilliams@example.com,La Plata,Argentina,2024-11-18 01:49:33.168084+00:00
750,Lori,Burns,kelleycarlos@example.org,Ciudad de México,Mexico,2025-04-14 15:04:56.809646+00:00
751,Ashley,Knight,kimberly79@example.org,Medellín,Colombia,2025-12-22 04:31:06.714542+00:00
752,William,Murray,jcontreras@example.net,Monterrey,Mexico,2025-02-06 03:53:27.995107+00:00
753,Lauren,Beck,zhughes@example.com,Los Angeles,United States,2025-07-13 18:48:37.122174+00:00
754,Susan,Wu,debbie20@example.net,Monterrey,Mexico,2025-09-16 21:07:39.094232+00:00
755,Kelsey,Parker,schneiderchristopher@example.net,Puebla,Mexico,2025-07-14 09:32:04.745430+00:00
756,Katherine,Bernard,karenshaw@example.org,Córdoba,Argentina,2024-09-09 11:06:07.888249+00:00
757,Sharon,White,hilljamie@example.net,Brasília,Brazil,2026-02-16 09:51:11.412079+00:00
758,Bethany,Miller,richard07@example.org,Barcelona,Spain,2025-02-16 22:18:37.518129+00:00
759,Henry,Johnson,patrick11@example.org,La Plata,Argentina,2025-07-14 08:34:10.008926+00:00
760,Justin,White,moorestephanie@example.net,Madrid,Spain,2024-10-15 04:31:53.469853+00:00
761,Christina,Nguyen,reeveskenneth@example.org,Concepción,Chile,2025-02-02 09:10:06.966934+00:00
762,Robert,Nguyen,hdavid@example.org,Tijuana,Mexico,2024-11-08 13:31:49.681736+00:00
763,Karen,Willis,gromero@example.com,Bogotá,Colombia,2026-05-08 02:01:38.970915+00:00
764,Joseph,Flores,bjones@example.com,Guayaquil,Ecuador,2025-09-19 09:17:49.794423+00:00
765,Robin,Smith,sanchezangela@example.org,Puebla,Mexico,2025-01-22 02:40:53.072236+00:00
766,Richard,Miller,kristathomas@example.net,Bogotá,Colombia,2026-06-03 08:18:53.024799+00:00
767,Kimberly,Medina,jali@example.com,Los Angeles,United States,2024-07-14 03:02:02.259149+00:00
768,Lisa,Woodward,denise20@example.org,São Paulo,Brazil,2026-04-26 12:08:55.296142+00:00
769,Timothy,Harper,okidd@example.org,La Serena,Chile,2025-08-15 01:05:05.667940+00:00
770,William,Williams,turnerrandall@example.org,Tijuana,Mexico,2026-02-10 06:14:58.073833+00:00
771,Jessica,Lutz,gclark@example.com,Tijuana,Mexico,2026-03-21 07:01:12.049559+00:00
772,Sonia,Reid,qnelson@example.com,Rosario,Argentina,2025-02-18 03:38:42.116452+00:00
773,Steve,Greene,sloandennis@example.org,Córdoba,Argentina,2025-09-01 07:18:44.525970+00:00
774,Adam,Smith,robertwoodard@example.net,Puebla,Mexico,2025-06-05 18:51:37.225034+00:00
775,Philip,Miller,ryanpatricia@example.net,Salto,Uruguay,2025-05-04 18:58:50.629355+00:00
776,David,Stanton,wcarey@example.com,Santiago,Chile,2024-10-21 00:42:22.847922+00:00
777,Katrina,Terry,martinezmitchell@example.org,Monterrey,Mexico,2025-05-04 08:28:38.491500+00:00
778,Jeffrey,Smith,erin53@example.org,Barcelona,Spain,2026-01-30 20:59:55.932574+00:00
779,Colleen,Stokes,jimsnyder@example.com,Ciudad de México,Mexico,2024-07-10 11:26:45.024845+00:00
780,Trevor,Padilla,adrianjoyce@example.net,Buenos Aires,Argentina,2025-03-29 22:20:53.002402+00:00
781,Molly,Carroll,mjackson@example.net,Rosario,Argentina,2025-12-05 06:54:07.931402+00:00
782,Emily,Morrison,cameronanderson@example.org,Tijuana,Mexico,2024-09-14 16:24:46.190182+00:00
783,Sarah,Foley,james08@example.net,Medellín,Colombia,2024-12-15 08:26:46.011642+00:00
784,Ann,Gibson,pdavidson@example.org,Salvador,Brazil,2026-02-27 07:48:56.309131+00:00
785,Marcus,Richard,rhill@example.net,Mendoza,Argentina,2025-05-20 10:19:47.368964+00:00
786,Michael,Blake,brandonhull@example.net,Cartagena,Colombia,2025-05-07 11:34:46.523833+00:00
787,Adam,Lee,beardlindsey@example.net,Tijuana,Mexico,2024-11-25 09:57:25.669628+00:00
788,Hannah,Rosario,jamesmurphy@example.org,Montreal,Canada,2025-09-13 20:59:37.148282+00:00
789,Colin,Castillo,watkinsconnie@example.com,Ciudad de México,Mexico,2026-02-17 13:43:50.849368+00:00
790,John,Wells,marissa58@example.org,Puebla,Mexico,2026-05-03 20:10:42.594855+00:00
791,Kimberly,Harvey,garrettbeth@example.org,Tijuana,Mexico,2026-05-26 11:16:11.829122+00:00
792,Sabrina,Bennett,pattonbryan@example.com,Puebla,Mexico,2024-07-23 14:53:12.297096+00:00
793,Cheryl,Reynolds,byrdanita@example.com,Cali,Colombia,2026-02-24 10:54:28.912109+00:00
794,Richard,Williamson,mhall@example.net,Monterrey,Mexico,2025-09-12 10:10:00.309135+00:00
795,Shawn,Marshall,nhobbs@example.org,Santiago,Chile,2025-02-16 16:20:53.878623+00:00
796,Sharon,Logan,lholmes@example.org,Rio de Janeiro,Brazil,2024-08-31 11:52:29.886192+00:00
797,Alexander,Reeves,rebeccamartinez@example.net,Salto,Uruguay,2024-12-17 19:26:24.735251+00:00
798,Robert,Hardy,ilopez@example.org,Sevilla,Spain,2024-07-27 18:51:27.575766+00:00
799,Larry,Graham,larry82@example.org,La Serena,Chile,2025-05-22 13:49:13.679839+00:00
800,Carrie,Carter,holmesdiane@example.org,Guadalajara,Mexico,2024-07-25 11:13:14.653902+00:00
801,William,Conley,hendersonjames@example.org,Monterrey,Mexico,2025-09-24 12:15:15.960745+00:00
802,James,Jones,elizabethneal@example.com,Ciudad de México,Mexico,2025-08-25 17:06:00.337598+00:00
803,Mark,Lane,christina65@example.org,Ciudad de México,Mexico,2024-08-29 04:29:53.780243+00:00
804,Nancy,Lozano,arobinson@example.net,Tijuana,Mexico,2024-11-23 12:19:26.691392+00:00
805,Jerry,Hanson,timothytate@example.com,Guayaquil,Ecuador,2026-01-24 07:02:54.047183+00:00
806,Nicholas,Ross,coxcharles@example.org,Ciudad de México,Mexico,2025-07-23 18:56:32.152003+00:00
807,Douglas,Alexander,bradley03@example.org,Puebla,Mexico,2025-01-07 03:04:32.187921+00:00
808,Jeffery,Green,matthewspencer@example.org,Guadalajara,Mexico,2024-11-03 18:18:54.381362+00:00
809,Gregory,Green,smitherica@example.com,Rio de Janeiro,Brazil,2025-10-04 23:12:27.742107+00:00
810,Nicole,Morgan,kevinallen@example.com,Tijuana,Mexico,2025-10-09 09:05:22.692185+00:00
811,Shelley,Rowland,ejohns@example.org,Salvador,Brazil,2024-09-27 02:28:19.501905+00:00
812,Sandra,Norton,amandabenson@example.com,Valparaíso,Chile,2025-08-25 13:21:48.286880+00:00
813,Tiffany,Sanchez,hinesbrenda@example.net,Lima,Peru,2025-01-14 11:49:33.504749+00:00
814,Edgar,Wright,monique89@example.com,Cartagena,Colombia,2024-11-13 10:36:28.736391+00:00
815,Christopher,Ruiz,jacksonpaul@example.net,Guadalajara,Mexico,2025-12-14 06:54:56.912555+00:00
816,Nicholas,Stone,marcbrooks@example.net,Guadalajara,Mexico,2025-06-01 15:17:14.169331+00:00
817,Stephanie,Wells,ylittle@example.net,Valencia,Spain,2025-10-01 05:14:13.461570+00:00
818,Jamie,Jacobson,zroy@example.org,Ciudad de México,Mexico,2025-01-23 02:59:00.610792+00:00
819,Pamela,Duncan,jonathan12@example.org,Monterrey,Mexico,2025-01-15 02:59:43.736948+00:00
820,April,Hall,marshallchristine@example.com,Cusco,Peru,2025-05-09 03:43:17.826030+00:00
821,Ryan,Richardson,ystewart@example.org,Miami,United States,2024-10-22 18:24:55.735726+00:00
822,Jesus,Brewer,rachel48@example.net,Puebla,Mexico,2025-07-17 21:59:37.734899+00:00
823,Christian,Hill,coreyjones@example.org,Puebla,Mexico,2025-07-17 11:01:19.448288+00:00
824,Matthew,Leonard,kevin43@example.net,Buenos Aires,Argentina,2025-08-28 19:59:24.712538+00:00
825,Devin,Wyatt,alan44@example.com,Guayaquil,Ecuador,2026-01-06 15:47:02.137048+00:00
826,Richard,Sullivan,kennedywilliam@example.org,Miami,United States,2026-03-07 19:17:30.783355+00:00
827,Jeremy,Cummings,thomasblack@example.net,Tijuana,Mexico,2025-12-19 00:36:29.656346+00:00
828,Jennifer,Murray,edwardsjacob@example.net,Alajuela,Costa Rica,2025-04-14 17:03:30.351781+00:00
829,Samuel,Farrell,brooksbarbara@example.org,Quito,Ecuador,2025-01-22 19:29:44.804561+00:00
830,Joan,Porter,matthew66@example.net,Tijuana,Mexico,2025-12-15 09:02:10.568522+00:00
831,Kathryn,Vaughn,mark09@example.org,Puebla,Mexico,2026-04-18 04:56:40.547943+00:00
832,Eric,Cisneros,ashley99@example.net,Medellín,Colombia,2026-03-08 21:12:52.554693+00:00
833,Tina,Harris,ybrown@example.org,Monterrey,Mexico,2025-05-26 09:55:45.211261+00:00
834,Mark,Hayden,christopher18@example.org,Cali,Colombia,2024-07-07 00:24:03.525373+00:00
835,Hannah,Burns,jamespruitt@example.com,Tijuana,Mexico,2025-01-06 22:06:34.452065+00:00
836,Jesse,Keller,gibsonmiguel@example.org,Ciudad de México,Mexico,2024-10-17 02:43:16.568913+00:00
837,Michele,Jenkins,veronicaanderson@example.com,La Serena,Chile,2025-05-28 22:49:29.083330+00:00
838,Casey,Friedman,davidharris@example.com,Miami,United States,2026-02-01 01:19:01.807335+00:00
839,Elizabeth,Moore,briana87@example.com,Maracaibo,Venezuela,2024-11-07 22:30:38.534204+00:00
840,Vickie,Griffin,pjacobs@example.net,Monterrey,Mexico,2025-02-08 20:19:21.135375+00:00
841,Ashley,Henry,vjohnston@example.org,Los Angeles,United States,2025-01-09 21:53:11.380679+00:00
842,Nicole,Bryant,peter26@example.org,Puebla,Mexico,2024-10-22 18:37:57.006591+00:00
843,Christine,Reynolds,lbartlett@example.net,La Plata,Argentina,2025-08-02 23:02:42.663303+00:00
844,Phillip,Bautista,nicolemoore@example.net,Los Angeles,United States,2025-07-11 09:42:42.368242+00:00
845,Elizabeth,Jones,reginajenkins@example.net,Cartagena,Colombia,2024-09-10 03:42:44.630051+00:00
846,Miguel,Campos,robert24@example.org,Monterrey,Mexico,2025-06-18 06:26:11.180773+00:00
847,Steven,Jones,vjames@example.com,Guayaquil,Ecuador,2026-02-28 17:21:33.420179+00:00
848,Randy,Smith,fletcherderek@example.net,Medellín,Colombia,2025-12-12 11:47:02.519914+00:00
849,Todd,Jones,jenniferkim@example.com,Guadalajara,Mexico,2026-02-02 21:40:55.907045+00:00
850,Mckenzie,Jackson,lawsongregory@example.org,Valparaíso,Chile,2025-07-09 03:38:58.723297+00:00
851,Peter,Jones,byrderic@example.com,New York,United States,2024-10-21 13:55:04.642087+00:00
852,Jennifer,Stafford,scottwilliams@example.net,Arequipa,Peru,2026-01-27 09:23:27.904169+00:00
853,Danielle,Moran,myerskyle@example.org,Medellín,Colombia,2025-08-24 13:48:15.631091+00:00
854,Brandon,Bennett,sarahbrooks@example.org,Arequipa,Peru,2024-11-06 16:24:30.315375+00:00
855,Allen,Johnson,rogersjames@example.net,Tijuana,Mexico,2024-07-29 17:50:50.763609+00:00
856,Susan,Davis,jenniferwilliams@example.net,Buenos Aires,Argentina,2024-08-31 06:12:59.300536+00:00
857,Mark,Hart,colleenvilla@example.com,Guadalajara,Mexico,2026-04-30 11:06:23.860196+00:00
858,David,Lewis,marcus06@example.net,Brasília,Brazil,2025-01-30 14:31:37.355526+00:00
859,Paul,Ellis,barrettjoshua@example.net,Houston,United States,2025-03-10 03:08:05.437600+00:00
860,Carlos,Robinson,katrina71@example.net,Heredia,Costa Rica,2025-07-10 06:25:56.998956+00:00
861,Veronica,Jefferson,johnathandavis@example.com,Cali,Colombia,2026-05-31 12:04:03.600450+00:00
862,Heather,Gregory,martinreid@example.net,Guadalajara,Mexico,2025-01-31 20:47:58.780400+00:00
863,Melissa,Olson,andres97@example.com,Guadalajara,Mexico,2025-06-21 21:25:13.063356+00:00
864,Judy,Gordon,hallchristina@example.org,Tijuana,Mexico,2025-01-25 04:56:28.277987+00:00
865,Joann,Todd,brownnicholas@example.com,Valparaíso,Chile,2024-11-08 03:55:44.296027+00:00
866,Nicholas,May,sandrageorge@example.com,Valparaíso,Chile,2025-12-05 14:37:48.884571+00:00
867,Mark,Ramirez,meyertiffany@example.net,Cusco,Peru,2026-01-28 06:24:22.951776+00:00
868,Karen,Perez,matthew38@example.org,Puebla,Mexico,2026-04-06 20:59:35.988525+00:00
869,Elizabeth,Wright,cathyjames@example.com,Tijuana,Mexico,2024-10-25 16:11:11.104588+00:00
870,Crystal,Brown,mjones@example.org,Cali,Colombia,2025-09-19 23:46:20.321859+00:00
871,Donald,Harris,thompsonana@example.org,Puebla,Mexico,2024-12-03 05:13:51.658071+00:00
872,Christian,Hardy,frank33@example.com,Córdoba,Argentina,2024-10-20 11:32:16.298143+00:00
873,John,Mitchell,mfaulkner@example.com,Guadalajara,Mexico,2026-03-05 13:59:08.340123+00:00
874,Timothy,Tapia,raymond27@example.com,Ciudad de México,Mexico,2025-04-18 08:52:50.512448+00:00
875,Chelsea,Hamilton,lorileon@example.org,Guayaquil,Ecuador,2025-12-22 04:08:02.465723+00:00
876,Ronald,Miller,brooke28@example.net,Guadalajara,Mexico,2024-10-19 22:37:52.979574+00:00
877,Oscar,Torres,nicholas97@example.org,São Paulo,Brazil,2025-02-12 00:27:22.552025+00:00
878,Jennifer,Gonzalez,adamhensley@example.net,Puebla,Mexico,2025-11-25 10:45:44.074853+00:00
879,Travis,Frost,xwaller@example.com,Houston,United States,2025-06-06 04:55:49.548044+00:00
880,Danielle,Chapman,hdyer@example.com,Trujillo,Peru,2026-04-25 12:00:11.801152+00:00
881,Francisco,Hines,kelsey58@example.net,Houston,United States,2025-06-05 12:38:20.014456+00:00
882,Haley,Horton,vhouse@example.org,Bogotá,Colombia,2024-12-07 15:10:10.024101+00:00
883,Austin,Li,terrydeanna@example.com,La Serena,Chile,2025-08-29 20:33:44.032893+00:00
884,Sheryl,Hernandez,carrielynn@example.org,Salvador,Brazil,2024-06-22 14:38:54.359135+00:00
885,Kelli,Newman,lsanders@example.org,Santiago,Chile,2025-06-27 09:05:52.198256+00:00
886,Jacob,Henderson,tking@example.net,Mendoza,Argentina,2026-05-21 11:19:00.127817+00:00
887,Dominique,Reyes,jessica11@example.net,Bogotá,Colombia,2025-08-05 21:06:31.201620+00:00
888,Lauren,Olsen,kaitlyn64@example.org,Los Angeles,United States,2026-06-04 14:24:44.825080+00:00
889,Lisa,Smith,ayalarobert@example.com,Mendoza,Argentina,2025-10-04 17:06:23.910708+00:00
890,Jessica,Jackson,jacob23@example.com,Montevideo,Uruguay,2024-10-24 12:49:02.009193+00:00
891,Stacy,Hayes,jacobbrown@example.org,La Plata,Argentina,2026-01-25 16:29:11.569760+00:00
892,James,Bird,nalexander@example.org,São Paulo,Brazil,2026-03-09 22:03:39.262614+00:00
893,Gabriel,Carter,emartinez@example.com,Puebla,Mexico,2024-07-05 06:27:24.390040+00:00
894,Jimmy,Washington,smithjoseph@example.org,Cali,Colombia,2025-10-12 14:27:57.983044+00:00
895,Kristina,Williams,alexasmith@example.net,Brasília,Brazil,2025-06-28 12:02:42.508775+00:00
896,Suzanne,Adams,vkennedy@example.net,Barranquilla,Colombia,2025-04-23 07:19:48.105234+00:00
897,Nathan,Wu,lisa56@example.com,Ciudad de México,Mexico,2025-09-02 18:45:59.403252+00:00
898,Theresa,Marks,smithmonica@example.com,Arequipa,Peru,2025-11-25 08:34:02.983244+00:00
899,Pamela,Taylor,meltonjoshua@example.net,Barranquilla,Colombia,2025-12-14 12:14:10.076390+00:00
900,John,Hayes,qrobertson@example.org,Tijuana,Mexico,2024-06-15 21:12:47.973479+00:00
901,Danielle,Mcmahon,allen50@example.net,Tijuana,Mexico,2025-02-06 09:18:24.561254+00:00
902,Sean,Lawson,ystevenson@example.org,Valencia,Venezuela,2025-02-23 01:10:44.504839+00:00
903,Sheila,David,shatfield@example.org,Mendoza,Argentina,2025-12-01 23:21:36.772316+00:00
904,Kelly,Lee,mollywalter@example.net,Barranquilla,Colombia,2025-06-17 05:24:07.918393+00:00
905,David,Robles,marisa87@example.org,Puebla,Mexico,2026-03-30 09:45:36.569390+00:00
906,Stephanie,Olson,johnjackson@example.net,Valparaíso,Chile,2025-11-06 20:49:26.216378+00:00
907,Daniel,Holder,martinsarah@example.com,Miami,United States,2025-12-25 08:54:49.495933+00:00
908,Jeffrey,Scott,qlynn@example.org,Guadalajara,Mexico,2025-10-12 17:10:03.111425+00:00
909,Sandra,Schultz,sdavis@example.com,Lima,Peru,2026-03-12 12:47:58.086181+00:00
910,Sarah,Miranda,schneidernicholas@example.net,Puebla,Mexico,2025-12-08 07:42:37.684952+00:00
911,Jessica,Valdez,ostokes@example.com,Santiago,Chile,2024-09-06 02:34:34.383767+00:00
912,Christopher,Davis,juliewilson@example.com,Mendoza,Argentina,2024-09-14 16:10:37.700583+00:00
913,Lawrence,James,collinsbrittany@example.org,Rio de Janeiro,Brazil,2026-02-22 09:37:54.829989+00:00
914,Tina,Flores,lauren28@example.net,Barranquilla,Colombia,2025-08-27 01:37:36.994675+00:00
915,Jeffrey,Foster,sstewart@example.org,Guadalajara,Mexico,2025-06-13 17:10:53.908807+00:00
916,Stephen,Guzman,juliesweeney@example.net,Cuenca,Ecuador,2024-07-08 16:27:19.593951+00:00
917,Luke,Shaw,hillmelanie@example.net,Los Angeles,United States,2025-05-28 23:22:43.754820+00:00
918,Maria,Simpson,zbrown@example.com,Guadalajara,Mexico,2024-10-03 03:27:27.132222+00:00
919,Jennifer,Charles,isabellawilliams@example.org,Ciudad de México,Mexico,2026-03-01 10:59:23.593771+00:00
920,Jessica,Evans,vickiekelley@example.com,Cali,Colombia,2025-04-18 04:19:34.543892+00:00
921,Thomas,Bailey,hmyers@example.net,Salvador,Brazil,2025-01-06 08:28:27.908976+00:00
922,Heather,Lee,udavis@example.net,Guadalajara,Mexico,2026-03-08 02:07:01.537987+00:00
923,Brian,Michael,stephen29@example.org,Guadalajara,Mexico,2025-05-02 09:14:56.086078+00:00
924,Timothy,Merritt,jefferygoodman@example.net,San José,Costa Rica,2025-10-02 07:32:49.931243+00:00
925,Michael,Chase,gregoryvanessa@example.org,Concepción,Chile,2025-03-15 15:57:02.473820+00:00
926,Toni,Shelton,saradavis@example.com,Puebla,Mexico,2024-10-22 19:35:33.703302+00:00
927,Brian,Baird,brittney26@example.org,Miami,United States,2024-07-08 10:18:04.387057+00:00
928,John,Burns,denisebennett@example.net,La Serena,Chile,2026-06-07 14:57:57.840933+00:00
929,Emily,Davis,phancock@example.com,Tijuana,Mexico,2024-12-31 15:18:38.850656+00:00
930,Denise,Richardson,wilsondavid@example.net,Trujillo,Peru,2025-10-15 03:17:57.409392+00:00
931,William,Johnson,vhill@example.org,Bogotá,Colombia,2026-01-14 20:24:28.774823+00:00
932,Herbert,Washington,ievans@example.org,Santiago,Chile,2025-02-06 04:06:48.788080+00:00
933,Jennifer,Atkins,richardhaynes@example.com,Tijuana,Mexico,2025-07-24 18:56:06.578739+00:00
934,Amanda,Burnett,lbrown@example.net,Tijuana,Mexico,2025-11-16 23:27:44.368378+00:00
935,Kristy,Martinez,tammymerritt@example.org,Barcelona,Spain,2026-03-05 06:35:09.140862+00:00
936,Heather,Smith,hmcbride@example.org,Guadalajara,Mexico,2024-09-15 16:41:43.409622+00:00
937,Jamie,Martin,melissa01@example.org,Monterrey,Mexico,2025-06-18 07:54:16.237744+00:00
938,Michael,Stephens,qrowland@example.org,Ciudad de México,Mexico,2024-12-12 00:04:54.648369+00:00
939,Brandon,Bautista,donna72@example.net,Cusco,Peru,2025-06-06 20:33:48.507800+00:00
940,Lawrence,Bartlett,catherine83@example.net,Ciudad de México,Mexico,2024-08-24 22:08:09.039939+00:00
941,Lori,Young,donaldchase@example.org,Puebla,Mexico,2026-05-13 23:26:04.159869+00:00
942,Carrie,Robinson,joshua96@example.org,Toronto,Canada,2025-07-20 06:02:13.887592+00:00
943,Jorge,Santos,ricardomiller@example.com,Arequipa,Peru,2025-10-20 18:52:42.961046+00:00
944,Shelby,Thomas,chadoconnor@example.net,Alajuela,Costa Rica,2025-11-04 14:22:11.455290+00:00
945,James,Watson,roberthernandez@example.com,Santiago,Chile,2025-03-17 09:46:58.072351+00:00
946,Tamara,Wright,david18@example.com,Monterrey,Mexico,2024-07-31 18:43:23.168689+00:00
947,Danielle,Cox,kimberly23@example.com,Puebla,Mexico,2024-06-20 19:16:28.168635+00:00
948,Nicholas,Novak,ylynn@example.org,Sevilla,Spain,2024-10-19 23:11:36.044260+00:00
949,Jessica,Parker,wdavis@example.net,Miami,United States,2025-08-05 13:09:21.637643+00:00
950,Julian,Nelson,mosleygeorge@example.com,Guadalajara,Mexico,2024-10-23 13:49:06.774482+00:00
951,Linda,Byrd,iwoods@example.com,Monterrey,Mexico,2024-06-20 12:51:37.232389+00:00
952,William,Moore,douglasbradley@example.com,Puebla,Mexico,2024-07-22 05:09:09.057646+00:00
953,Jessica,Villegas,erikabarnes@example.com,Córdoba,Argentina,2024-10-25 08:27:21.361948+00:00
954,Valerie,Lindsey,joshua68@example.net,Santiago,Chile,2026-03-19 10:25:17.556459+00:00
955,Lisa,Torres,mezarichard@example.com,Santiago,Chile,2026-02-21 00:47:44.005356+00:00
956,Cynthia,Jones,shirleymartin@example.org,La Plata,Argentina,2024-08-14 09:15:39.656532+00:00
957,Justin,Noble,haydenroger@example.net,Valencia,Venezuela,2026-04-25 17:28:14.380067+00:00
958,Derek,Jimenez,sullivanchristina@example.net,Tijuana,Mexico,2024-06-18 22:09:52.423088+00:00
959,Ronald,Ferguson,john89@example.org,New York,United States,2025-08-31 06:32:12.315922+00:00
960,Tami,Craig,gregoryrichardson@example.org,La Plata,Argentina,2025-06-23 20:01:30.298690+00:00
961,Stephanie,Henderson,hjackson@example.com,Medellín,Colombia,2026-04-12 06:57:23.559662+00:00
962,John,Ryan,robertstimothy@example.com,La Serena,Chile,2024-11-16 05:43:30.530475+00:00
963,Joann,Carroll,sandrahickman@example.net,Mendoza,Argentina,2025-06-25 04:21:44.919068+00:00
964,Patricia,Walls,abrown@example.net,Córdoba,Argentina,2025-05-15 21:03:30.470465+00:00
965,Kenneth,Rodriguez,pamela26@example.com,Los Angeles,United States,2024-06-20 01:44:59.962855+00:00
966,Ryan,Gonzalez,robertgentry@example.org,Arequipa,Peru,2024-10-05 06:47:33.927413+00:00
967,Diane,Perez,xbrooks@example.com,Ciudad de México,Mexico,2026-03-27 07:51:41.274909+00:00
968,Amanda,Adams,cdouglas@example.org,Bogotá,Colombia,2024-09-23 18:33:58.112735+00:00
969,Julie,Smith,danielmitchell@example.org,Rio de Janeiro,Brazil,2025-03-28 19:20:47.257374+00:00
970,Julie,Santana,elizabethvaughan@example.net,Sevilla,Spain,2026-06-01 14:35:22.157460+00:00
971,David,Burns,tmarsh@example.org,Cali,Colombia,2025-02-05 22:07:49.663962+00:00
972,Kathy,Macias,ganderson@example.org,Guadalajara,Mexico,2024-09-13 17:29:35.941160+00:00
973,Maurice,Smith,brettgallegos@example.com,Guadalajara,Mexico,2026-05-27 20:48:24.620125+00:00
974,Joan,Hamilton,justin16@example.org,Cusco,Peru,2025-09-07 18:03:09.896665+00:00
975,Jessica,Lopez,katie43@example.net,Valencia,Spain,2026-02-03 00:53:08.417630+00:00
976,James,Mccarthy,hayneswayne@example.org,Tijuana,Mexico,2024-10-29 10:00:34.398849+00:00
977,Melissa,Fuller,jeromeanderson@example.org,Ciudad de México,Mexico,2024-12-30 15:33:57.893112+00:00
978,James,Thomas,jensenchristopher@example.org,Monterrey,Mexico,2025-03-18 10:30:55.272068+00:00
979,Alicia,Graves,jeffreysimmons@example.org,Tijuana,Mexico,2025-06-21 01:02:26.894537+00:00
980,Dawn,Torres,michael56@example.org,Santiago,Chile,2025-02-02 05:39:07.734682+00:00
981,Brandon,Williams,guerreromarc@example.com,Barcelona,Spain,2025-05-24 10:15:08.727378+00:00
982,Rebekah,Garcia,johnnyhenry@example.com,Monterrey,Mexico,2025-01-21 22:11:26.751205+00:00
983,Collin,Smith,markfigueroa@example.com,Guayaquil,Ecuador,2025-12-08 07:04:58.240273+00:00
984,Brianna,Jacobs,debraclark@example.com,Quito,Ecuador,2024-08-16 07:39:01.211760+00:00
985,Daniel,Soto,williamstanya@example.net,La Serena,Chile,2026-01-31 16:46:48.609703+00:00
986,James,Griffin,jonesamy@example.com,Puebla,Mexico,2025-01-19 19:41:42.398302+00:00
987,Thomas,Juarez,bradleylee@example.net,New York,United States,2025-11-15 09:50:23.176277+00:00
988,Patricia,Malone,patricia71@example.com,Barranquilla,Colombia,2024-08-02 01:23:17.258654+00:00
989,Robert,Velazquez,jacksonjoshua@example.org,Quito,Ecuador,2025-01-11 04:28:17.333950+00:00
990,Stephanie,Brown,joysanders@example.net,Valencia,Spain,2025-07-07 13:21:40.145041+00:00
991,William,Jones,ychristensen@example.net,Rosario,Argentina,2026-01-03 21:56:02.848198+00:00
992,Richard,Nelson,adamarmstrong@example.net,Buenos Aires,Argentina,2025-11-04 12:56:47.507909+00:00
993,Natasha,Gibbs,ugordon@example.net,Monterrey,Mexico,2024-12-19 16:07:10.391182+00:00
994,Melissa,Phillips,andrea23@example.org,Valencia,Spain,2025-07-08 08:34:28.625330+00:00
995,Kelly,Bowman,sara40@example.net,Guadalajara,Mexico,2026-05-30 11:39:34.927053+00:00
996,Veronica,Clark,smithmichael@example.net,Ciudad de México,Mexico,2026-05-24 18:49:32.156003+00:00
997,Mark,Potts,jennifer69@example.com,Puebla,Mexico,2025-02-05 17:42:09.849406+00:00
998,Brian,Cabrera,jeffrey42@example.com,Valparaíso,Chile,2026-05-24 08:03:45.342406+00:00
999,Amanda,Irwin,sharphailey@example.net,La Serena,Chile,2024-12-18 14:00:26.106294+00:00
1000,Connie,Munoz,lisawalker@example.com,Ciudad de México,Mexico,2024-11-09 13:21:31.916978+00:00
